dataset,sampler,representation,split,budget,source_model,walltime,target_model
SDog120,Adversarial,DDV,train,400,"pretrain(mbnetv2,imagenet-1k)->transfer(SDog120,0.1)",0.5529882040573284,
SDog120,Adversarial,DDV,train,400,"pretrain(mbnetv2,imagenet-1k)->transfer(SDog120,0.1)",0.25311465200502425,"pretrain(mbnetv2,imagenet-1k)->transfer(SDog120,0.1)"
SDog120,Adversarial,DDV,train,400,"pretrain(mbnetv2,imagenet-1k)->transfer(SDog120,0.1)",0.25204599800053984,"pretrain(mbnetv2,imagenet-1k)->transfer(SDog120,0.1)->prune(0.2)"
SDog120,Adversarial,DDV,train,400,"pretrain(mbnetv2,imagenet-1k)->transfer(SDog120,0.1)",0.2520535939838737,"pretrain(mbnetv2,imagenet-1k)->transfer(SDog120,0.1)->prune(0.5)"
SDog120,Adversarial,DDV,train,400,"pretrain(mbnetv2,imagenet-1k)->transfer(SDog120,0.1)",0.2525734689552337,"pretrain(mbnetv2,imagenet-1k)->transfer(SDog120,0.1)->prune(0.8)"
SDog120,Adversarial,DDV,train,400,"pretrain(mbnetv2,imagenet-1k)->transfer(SDog120,0.1)",2.32068931509275,"pretrain(mbnetv2,imagenet-1k)->transfer(SDog120,0.1)->quantize(float16)"
SDog120,Adversarial,DDV,train,400,"pretrain(mbnetv2,imagenet-1k)->transfer(SDog120,0.1)",2.2807981619844213,"pretrain(mbnetv2,imagenet-1k)->transfer(SDog120,0.1)->quantize(qint8)"
SDog120,Adversarial,DDV,train,400,"pretrain(mbnetv2,imagenet-1k)->transfer(SDog120,0.1)",0.21813093696255237,"pretrain(mbnetv2,imagenet-1k)->transfer(SDog120,0.1)->steal(mbnetv2)"
SDog120,Adversarial,DDV,train,400,"pretrain(mbnetv2,imagenet-1k)->transfer(SDog120,0.1)",0.23464941000565886,"pretrain(mbnetv2,imagenet-1k)->transfer(SDog120,0.1)->steal(resnet18)"
SDog120,Adversarial,DDV,train,400,"pretrain(mbnetv2,imagenet-1k)->transfer(SDog120,0.1)",0.21953634603414685,"pretrain(mbnetv2,imagenet-1k)->transfer(SDog120,0.1)->distill()"
SDog120,Adversarial,DDV,train,400,"pretrain(mbnetv2,imagenet-1k)->transfer(SDog120,0.1)",0.21866225404664874,"pretrain(mbnetv2,imagenet-1k)->transfer(SDog120,0.5)"
SDog120,Adversarial,DDV,train,400,"pretrain(mbnetv2,imagenet-1k)->transfer(SDog120,0.1)",0.21854109002742916,"pretrain(mbnetv2,imagenet-1k)->transfer(SDog120,0.5)->prune(0.2)"
SDog120,Adversarial,DDV,train,400,"pretrain(mbnetv2,imagenet-1k)->transfer(SDog120,0.1)",0.21853881899733096,"pretrain(mbnetv2,imagenet-1k)->transfer(SDog120,0.5)->prune(0.5)"
SDog120,Adversarial,DDV,train,400,"pretrain(mbnetv2,imagenet-1k)->transfer(SDog120,0.1)",0.2182679739780724,"pretrain(mbnetv2,imagenet-1k)->transfer(SDog120,0.5)->prune(0.8)"
SDog120,Adversarial,DDV,train,400,"pretrain(mbnetv2,imagenet-1k)->transfer(SDog120,0.1)",2.376899246009998,"pretrain(mbnetv2,imagenet-1k)->transfer(SDog120,0.5)->quantize(float16)"
SDog120,Adversarial,DDV,train,400,"pretrain(mbnetv2,imagenet-1k)->transfer(SDog120,0.1)",2.3630666359094903,"pretrain(mbnetv2,imagenet-1k)->transfer(SDog120,0.5)->quantize(qint8)"
SDog120,Adversarial,DDV,train,400,"pretrain(mbnetv2,imagenet-1k)->transfer(SDog120,0.1)",0.21910627791658044,"pretrain(mbnetv2,imagenet-1k)->transfer(SDog120,0.5)->steal(mbnetv2)"
SDog120,Adversarial,DDV,train,400,"pretrain(mbnetv2,imagenet-1k)->transfer(SDog120,0.1)",0.23265181703027338,"pretrain(mbnetv2,imagenet-1k)->transfer(SDog120,0.5)->steal(resnet18)"
SDog120,Adversarial,DDV,train,400,"pretrain(mbnetv2,imagenet-1k)->transfer(SDog120,0.1)",0.2519172920146957,"pretrain(mbnetv2,imagenet-1k)->transfer(SDog120,0.5)->distill()"
SDog120,Adversarial,DDV,train,400,"pretrain(mbnetv2,imagenet-1k)->transfer(SDog120,0.1)",0.2524215279845521,"pretrain(mbnetv2,imagenet-1k)->transfer(SDog120,1.0)"
SDog120,Adversarial,DDV,train,400,"pretrain(mbnetv2,imagenet-1k)->transfer(SDog120,0.1)",0.25133477488998324,"pretrain(mbnetv2,imagenet-1k)->transfer(SDog120,1.0)->prune(0.2)"
SDog120,Adversarial,DDV,train,400,"pretrain(mbnetv2,imagenet-1k)->transfer(SDog120,0.1)",0.2517870059236884,"pretrain(mbnetv2,imagenet-1k)->transfer(SDog120,1.0)->prune(0.5)"
SDog120,Adversarial,DDV,train,400,"pretrain(mbnetv2,imagenet-1k)->transfer(SDog120,0.1)",0.2513923809165135,"pretrain(mbnetv2,imagenet-1k)->transfer(SDog120,1.0)->prune(0.8)"
SDog120,Adversarial,DDV,train,400,"pretrain(mbnetv2,imagenet-1k)->transfer(SDog120,0.1)",2.303538045962341,"pretrain(mbnetv2,imagenet-1k)->transfer(SDog120,1.0)->quantize(float16)"
SDog120,Adversarial,DDV,train,400,"pretrain(mbnetv2,imagenet-1k)->transfer(SDog120,0.1)",2.297969900071621,"pretrain(mbnetv2,imagenet-1k)->transfer(SDog120,1.0)->quantize(qint8)"
SDog120,Adversarial,DDV,train,400,"pretrain(mbnetv2,imagenet-1k)->transfer(SDog120,0.1)",0.2518090649973601,"pretrain(mbnetv2,imagenet-1k)->transfer(SDog120,1.0)->steal(mbnetv2)"
SDog120,Adversarial,DDV,train,400,"pretrain(mbnetv2,imagenet-1k)->transfer(SDog120,0.1)",0.23656016297172755,"pretrain(mbnetv2,imagenet-1k)->transfer(SDog120,1.0)->steal(resnet18)"
SDog120,Adversarial,DDV,train,400,"pretrain(mbnetv2,imagenet-1k)->transfer(SDog120,0.1)",0.22600572602823377,"pretrain(mbnetv2,imagenet-1k)->transfer(SDog120,1.0)->distill()"
SDog120,Adversarial,DDV,train,400,"pretrain(mbnetv2,imagenet-1k)->transfer(SDog120,0.1)",0.23302167700603604,"pretrain(resnet18,imagenet-1k)->transfer(SDog120,0.1)"
SDog120,Adversarial,DDV,train,400,"pretrain(mbnetv2,imagenet-1k)->transfer(SDog120,0.1)",0.23684452602174133,"pretrain(resnet18,imagenet-1k)->transfer(SDog120,0.1)->prune(0.2)"
SDog120,Adversarial,DDV,train,400,"pretrain(mbnetv2,imagenet-1k)->transfer(SDog120,0.1)",0.23842347809113562,"pretrain(resnet18,imagenet-1k)->transfer(SDog120,0.1)->prune(0.5)"
SDog120,Adversarial,DDV,train,400,"pretrain(mbnetv2,imagenet-1k)->transfer(SDog120,0.1)",0.23104244307614863,"pretrain(resnet18,imagenet-1k)->transfer(SDog120,0.1)->prune(0.8)"
SDog120,Adversarial,DDV,train,400,"pretrain(mbnetv2,imagenet-1k)->transfer(SDog120,0.1)",2.284385348088108,"pretrain(resnet18,imagenet-1k)->transfer(SDog120,0.1)->quantize(float16)"
SDog120,Adversarial,DDV,train,400,"pretrain(mbnetv2,imagenet-1k)->transfer(SDog120,0.1)",2.2816214710474014,"pretrain(resnet18,imagenet-1k)->transfer(SDog120,0.1)->quantize(qint8)"
SDog120,Adversarial,DDV,train,400,"pretrain(mbnetv2,imagenet-1k)->transfer(SDog120,0.1)",0.251867979997769,"pretrain(resnet18,imagenet-1k)->transfer(SDog120,0.1)->steal(mbnetv2)"
SDog120,Adversarial,DDV,train,400,"pretrain(mbnetv2,imagenet-1k)->transfer(SDog120,0.1)",0.23129032796714455,"pretrain(resnet18,imagenet-1k)->transfer(SDog120,0.1)->steal(resnet18)"
SDog120,Adversarial,DDV,train,400,"pretrain(mbnetv2,imagenet-1k)->transfer(SDog120,0.1)",0.23857178899925202,"pretrain(resnet18,imagenet-1k)->transfer(SDog120,0.1)->distill()"
SDog120,Adversarial,DDV,train,400,"pretrain(mbnetv2,imagenet-1k)->transfer(SDog120,0.1)",0.23794750799424946,"pretrain(resnet18,imagenet-1k)->transfer(SDog120,0.5)"
SDog120,Adversarial,DDV,train,400,"pretrain(mbnetv2,imagenet-1k)->transfer(SDog120,0.1)",0.2317377490689978,"pretrain(resnet18,imagenet-1k)->transfer(SDog120,0.5)->prune(0.2)"
SDog120,Adversarial,DDV,train,400,"pretrain(mbnetv2,imagenet-1k)->transfer(SDog120,0.1)",0.23094937100540847,"pretrain(resnet18,imagenet-1k)->transfer(SDog120,0.5)->prune(0.5)"
SDog120,Adversarial,DDV,train,400,"pretrain(mbnetv2,imagenet-1k)->transfer(SDog120,0.1)",0.23900150205008686,"pretrain(resnet18,imagenet-1k)->transfer(SDog120,0.5)->prune(0.8)"
SDog120,Adversarial,DDV,train,400,"pretrain(mbnetv2,imagenet-1k)->transfer(SDog120,0.1)",2.2802478389348835,"pretrain(resnet18,imagenet-1k)->transfer(SDog120,0.5)->quantize(float16)"
SDog120,Adversarial,DDV,train,400,"pretrain(mbnetv2,imagenet-1k)->transfer(SDog120,0.1)",2.280834493925795,"pretrain(resnet18,imagenet-1k)->transfer(SDog120,0.5)->quantize(qint8)"
SDog120,Adversarial,DDV,train,400,"pretrain(mbnetv2,imagenet-1k)->transfer(SDog120,0.1)",0.2567521530436352,"pretrain(resnet18,imagenet-1k)->transfer(SDog120,0.5)->steal(mbnetv2)"
SDog120,Adversarial,DDV,train,400,"pretrain(mbnetv2,imagenet-1k)->transfer(SDog120,0.1)",0.23409726994577795,"pretrain(resnet18,imagenet-1k)->transfer(SDog120,0.5)->steal(resnet18)"
SDog120,Adversarial,DDV,train,400,"pretrain(mbnetv2,imagenet-1k)->transfer(SDog120,0.1)",0.21372410794720054,"pretrain(resnet18,imagenet-1k)->transfer(SDog120,0.5)->distill()"
SDog120,Adversarial,DDV,train,400,"pretrain(mbnetv2,imagenet-1k)->transfer(SDog120,0.1)",0.23044997395481914,"pretrain(resnet18,imagenet-1k)->transfer(SDog120,1.0)"
SDog120,Adversarial,DDV,train,400,"pretrain(mbnetv2,imagenet-1k)->transfer(SDog120,0.1)",0.230736154015176,"pretrain(resnet18,imagenet-1k)->transfer(SDog120,1.0)->prune(0.2)"
SDog120,Adversarial,DDV,train,400,"pretrain(mbnetv2,imagenet-1k)->transfer(SDog120,0.1)",0.23004875797778368,"pretrain(resnet18,imagenet-1k)->transfer(SDog120,1.0)->prune(0.5)"
SDog120,Adversarial,DDV,train,400,"pretrain(mbnetv2,imagenet-1k)->transfer(SDog120,0.1)",0.23051066196057945,"pretrain(resnet18,imagenet-1k)->transfer(SDog120,1.0)->prune(0.8)"
SDog120,Adversarial,DDV,train,400,"pretrain(mbnetv2,imagenet-1k)->transfer(SDog120,0.1)",2.2439895829884335,"pretrain(resnet18,imagenet-1k)->transfer(SDog120,1.0)->quantize(float16)"
SDog120,Adversarial,DDV,train,400,"pretrain(mbnetv2,imagenet-1k)->transfer(SDog120,0.1)",2.2494989309925586,"pretrain(resnet18,imagenet-1k)->transfer(SDog120,1.0)->quantize(qint8)"
SDog120,Adversarial,DDV,train,400,"pretrain(mbnetv2,imagenet-1k)->transfer(SDog120,0.1)",0.2490233879070729,"pretrain(resnet18,imagenet-1k)->transfer(SDog120,1.0)->steal(mbnetv2)"
SDog120,Adversarial,DDV,train,400,"pretrain(mbnetv2,imagenet-1k)->transfer(SDog120,0.1)",0.23466626496519893,"pretrain(resnet18,imagenet-1k)->transfer(SDog120,1.0)->steal(resnet18)"
SDog120,Adversarial,DDV,train,400,"pretrain(mbnetv2,imagenet-1k)->transfer(SDog120,0.1)",0.2316206720424816,"pretrain(resnet18,imagenet-1k)->transfer(SDog120,1.0)->distill()"
SDog120,Adversarial,DDV,train,400,"pretrain(mbnetv2,imagenet-1k)->transfer(SDog120,0.1)",0.25165467895567417,"train(mbnetv2,SDog120)"
SDog120,Adversarial,DDV,train,400,"pretrain(mbnetv2,imagenet-1k)->transfer(SDog120,0.1)",0.2538540849927813,"train(mbnetv2,SDog120)->prune(0.2)"
SDog120,Adversarial,DDV,train,400,"pretrain(mbnetv2,imagenet-1k)->transfer(SDog120,0.1)",0.2537401251029223,"train(mbnetv2,SDog120)->prune(0.5)"
SDog120,Adversarial,DDV,train,400,"pretrain(mbnetv2,imagenet-1k)->transfer(SDog120,0.1)",0.25364010501652956,"train(mbnetv2,SDog120)->prune(0.8)"
SDog120,Adversarial,DDV,train,400,"pretrain(mbnetv2,imagenet-1k)->transfer(SDog120,0.1)",0.25244409998413175,"train(mbnetv2,SDog120)->steal(mbnetv2)"
SDog120,Adversarial,DDV,train,400,"pretrain(mbnetv2,imagenet-1k)->transfer(SDog120,0.1)",0.23185567103791982,"train(mbnetv2,SDog120)->steal(resnet18)"
SDog120,Adversarial,DDV,train,400,"pretrain(mbnetv2,imagenet-1k)->transfer(SDog120,0.1)",0.23476896598003805,"train(mbnetv2,SDog120)->distill()"
SDog120,Adversarial,DDV,train,400,"pretrain(mbnetv2,imagenet-1k)->transfer(SDog120,0.1)",0.23168613691814244,"train(resnet18,SDog120)"
SDog120,Adversarial,DDV,train,400,"pretrain(mbnetv2,imagenet-1k)->transfer(SDog120,0.1)",0.23701803397852927,"train(resnet18,SDog120)->prune(0.2)"
SDog120,Adversarial,DDV,train,400,"pretrain(mbnetv2,imagenet-1k)->transfer(SDog120,0.1)",0.23843926598783582,"train(resnet18,SDog120)->prune(0.5)"
SDog120,Adversarial,DDV,train,400,"pretrain(mbnetv2,imagenet-1k)->transfer(SDog120,0.1)",0.23253434302750975,"train(resnet18,SDog120)->prune(0.8)"
SDog120,Adversarial,DDV,train,400,"pretrain(mbnetv2,imagenet-1k)->transfer(SDog120,0.1)",0.21924947598017752,"train(resnet18,SDog120)->steal(mbnetv2)"
SDog120,Adversarial,DDV,train,400,"pretrain(mbnetv2,imagenet-1k)->transfer(SDog120,0.1)",0.2307329470058903,"train(resnet18,SDog120)->steal(resnet18)"
SDog120,Adversarial,DDV,train,400,"pretrain(mbnetv2,imagenet-1k)->transfer(SDog120,0.1)",0.23154890397563577,"train(resnet18,SDog120)->distill()"
SDog120,Adversarial,DDV,train,400,"pretrain(mbnetv2,imagenet-1k)->transfer(SDog120,0.5)",0.2192755650030449,
SDog120,Adversarial,DDV,train,400,"pretrain(mbnetv2,imagenet-1k)->transfer(SDog120,0.5)",0.2185841859318316,"pretrain(mbnetv2,imagenet-1k)->transfer(SDog120,0.1)"
SDog120,Adversarial,DDV,train,400,"pretrain(mbnetv2,imagenet-1k)->transfer(SDog120,0.5)",0.2186890000011772,"pretrain(mbnetv2,imagenet-1k)->transfer(SDog120,0.1)->prune(0.2)"
SDog120,Adversarial,DDV,train,400,"pretrain(mbnetv2,imagenet-1k)->transfer(SDog120,0.5)",0.26075194706209004,"pretrain(mbnetv2,imagenet-1k)->transfer(SDog120,0.1)->prune(0.5)"
SDog120,Adversarial,DDV,train,400,"pretrain(mbnetv2,imagenet-1k)->transfer(SDog120,0.5)",0.21941676398273557,"pretrain(mbnetv2,imagenet-1k)->transfer(SDog120,0.1)->prune(0.8)"
SDog120,Adversarial,DDV,train,400,"pretrain(mbnetv2,imagenet-1k)->transfer(SDog120,0.5)",2.288844879018143,"pretrain(mbnetv2,imagenet-1k)->transfer(SDog120,0.1)->quantize(float16)"
SDog120,Adversarial,DDV,train,400,"pretrain(mbnetv2,imagenet-1k)->transfer(SDog120,0.5)",2.3087143559241667,"pretrain(mbnetv2,imagenet-1k)->transfer(SDog120,0.1)->quantize(qint8)"
SDog120,Adversarial,DDV,train,400,"pretrain(mbnetv2,imagenet-1k)->transfer(SDog120,0.5)",0.22946165897883475,"pretrain(mbnetv2,imagenet-1k)->transfer(SDog120,0.1)->steal(mbnetv2)"
SDog120,Adversarial,DDV,train,400,"pretrain(mbnetv2,imagenet-1k)->transfer(SDog120,0.5)",0.2457727260189131,"pretrain(mbnetv2,imagenet-1k)->transfer(SDog120,0.1)->steal(resnet18)"
SDog120,Adversarial,DDV,train,400,"pretrain(mbnetv2,imagenet-1k)->transfer(SDog120,0.5)",0.26073497894685715,"pretrain(mbnetv2,imagenet-1k)->transfer(SDog120,0.1)->distill()"
SDog120,Adversarial,DDV,train,400,"pretrain(mbnetv2,imagenet-1k)->transfer(SDog120,0.5)",0.21888392593245953,"pretrain(mbnetv2,imagenet-1k)->transfer(SDog120,0.5)"
SDog120,Adversarial,DDV,train,400,"pretrain(mbnetv2,imagenet-1k)->transfer(SDog120,0.5)",0.21871704899240285,"pretrain(mbnetv2,imagenet-1k)->transfer(SDog120,0.5)->prune(0.2)"
SDog120,Adversarial,DDV,train,400,"pretrain(mbnetv2,imagenet-1k)->transfer(SDog120,0.5)",0.23995871702209115,"pretrain(mbnetv2,imagenet-1k)->transfer(SDog120,0.5)->prune(0.5)"
SDog120,Adversarial,DDV,train,400,"pretrain(mbnetv2,imagenet-1k)->transfer(SDog120,0.5)",0.2438021550187841,"pretrain(mbnetv2,imagenet-1k)->transfer(SDog120,0.5)->prune(0.8)"
SDog120,Adversarial,DDV,train,400,"pretrain(mbnetv2,imagenet-1k)->transfer(SDog120,0.5)",2.2939478929620236,"pretrain(mbnetv2,imagenet-1k)->transfer(SDog120,0.5)->quantize(float16)"
SDog120,Adversarial,DDV,train,400,"pretrain(mbnetv2,imagenet-1k)->transfer(SDog120,0.5)",2.296116371988319,"pretrain(mbnetv2,imagenet-1k)->transfer(SDog120,0.5)->quantize(qint8)"
SDog120,Adversarial,DDV,train,400,"pretrain(mbnetv2,imagenet-1k)->transfer(SDog120,0.5)",0.24006866803392768,"pretrain(mbnetv2,imagenet-1k)->transfer(SDog120,0.5)->steal(mbnetv2)"
SDog120,Adversarial,DDV,train,400,"pretrain(mbnetv2,imagenet-1k)->transfer(SDog120,0.5)",0.24632017000112683,"pretrain(mbnetv2,imagenet-1k)->transfer(SDog120,0.5)->steal(resnet18)"
SDog120,Adversarial,DDV,train,400,"pretrain(mbnetv2,imagenet-1k)->transfer(SDog120,0.5)",0.26043898006901145,"pretrain(mbnetv2,imagenet-1k)->transfer(SDog120,0.5)->distill()"
SDog120,Adversarial,DDV,train,400,"pretrain(mbnetv2,imagenet-1k)->transfer(SDog120,0.5)",0.21881901600863785,"pretrain(mbnetv2,imagenet-1k)->transfer(SDog120,1.0)"
SDog120,Adversarial,DDV,train,400,"pretrain(mbnetv2,imagenet-1k)->transfer(SDog120,0.5)",0.2622658279724419,"pretrain(mbnetv2,imagenet-1k)->transfer(SDog120,1.0)->prune(0.2)"
SDog120,Adversarial,DDV,train,400,"pretrain(mbnetv2,imagenet-1k)->transfer(SDog120,0.5)",0.23501272895373404,"pretrain(mbnetv2,imagenet-1k)->transfer(SDog120,1.0)->prune(0.5)"
SDog120,Adversarial,DDV,train,400,"pretrain(mbnetv2,imagenet-1k)->transfer(SDog120,0.5)",0.2609320080373436,"pretrain(mbnetv2,imagenet-1k)->transfer(SDog120,1.0)->prune(0.8)"
SDog120,Adversarial,DDV,train,400,"pretrain(mbnetv2,imagenet-1k)->transfer(SDog120,0.5)",2.207167757092975,"pretrain(mbnetv2,imagenet-1k)->transfer(SDog120,1.0)->quantize(float16)"
SDog120,Adversarial,DDV,train,400,"pretrain(mbnetv2,imagenet-1k)->transfer(SDog120,0.5)",2.2257322719087824,"pretrain(mbnetv2,imagenet-1k)->transfer(SDog120,1.0)->quantize(qint8)"
SDog120,Adversarial,DDV,train,400,"pretrain(mbnetv2,imagenet-1k)->transfer(SDog120,0.5)",0.26056796801276505,"pretrain(mbnetv2,imagenet-1k)->transfer(SDog120,1.0)->steal(mbnetv2)"
SDog120,Adversarial,DDV,train,400,"pretrain(mbnetv2,imagenet-1k)->transfer(SDog120,0.5)",0.24520248593762517,"pretrain(mbnetv2,imagenet-1k)->transfer(SDog120,1.0)->steal(resnet18)"
SDog120,Adversarial,DDV,train,400,"pretrain(mbnetv2,imagenet-1k)->transfer(SDog120,0.5)",0.25951968401204795,"pretrain(mbnetv2,imagenet-1k)->transfer(SDog120,1.0)->distill()"
SDog120,Adversarial,DDV,train,400,"pretrain(mbnetv2,imagenet-1k)->transfer(SDog120,0.5)",0.24586879601702094,"pretrain(resnet18,imagenet-1k)->transfer(SDog120,0.1)"
SDog120,Adversarial,DDV,train,400,"pretrain(mbnetv2,imagenet-1k)->transfer(SDog120,0.5)",0.24528769904281944,"pretrain(resnet18,imagenet-1k)->transfer(SDog120,0.1)->prune(0.2)"
SDog120,Adversarial,DDV,train,400,"pretrain(mbnetv2,imagenet-1k)->transfer(SDog120,0.5)",0.2444373780163005,"pretrain(resnet18,imagenet-1k)->transfer(SDog120,0.1)->prune(0.5)"
SDog120,Adversarial,DDV,train,400,"pretrain(mbnetv2,imagenet-1k)->transfer(SDog120,0.5)",0.2252592759905383,"pretrain(resnet18,imagenet-1k)->transfer(SDog120,0.1)->prune(0.8)"
SDog120,Adversarial,DDV,train,400,"pretrain(mbnetv2,imagenet-1k)->transfer(SDog120,0.5)",2.2733001390006393,"pretrain(resnet18,imagenet-1k)->transfer(SDog120,0.1)->quantize(float16)"
SDog120,Adversarial,DDV,train,400,"pretrain(mbnetv2,imagenet-1k)->transfer(SDog120,0.5)",2.282216760911979,"pretrain(resnet18,imagenet-1k)->transfer(SDog120,0.1)->quantize(qint8)"
SDog120,Adversarial,DDV,train,400,"pretrain(mbnetv2,imagenet-1k)->transfer(SDog120,0.5)",0.2601606009993702,"pretrain(resnet18,imagenet-1k)->transfer(SDog120,0.1)->steal(mbnetv2)"
SDog120,Adversarial,DDV,train,400,"pretrain(mbnetv2,imagenet-1k)->transfer(SDog120,0.5)",0.2318869539303705,"pretrain(resnet18,imagenet-1k)->transfer(SDog120,0.1)->steal(resnet18)"
SDog120,Adversarial,DDV,train,400,"pretrain(mbnetv2,imagenet-1k)->transfer(SDog120,0.5)",0.244000946986489,"pretrain(resnet18,imagenet-1k)->transfer(SDog120,0.1)->distill()"
SDog120,Adversarial,DDV,train,400,"pretrain(mbnetv2,imagenet-1k)->transfer(SDog120,0.5)",0.2452545459382236,"pretrain(resnet18,imagenet-1k)->transfer(SDog120,0.5)"
SDog120,Adversarial,DDV,train,400,"pretrain(mbnetv2,imagenet-1k)->transfer(SDog120,0.5)",0.22422332304995507,"pretrain(resnet18,imagenet-1k)->transfer(SDog120,0.5)->prune(0.2)"
SDog120,Adversarial,DDV,train,400,"pretrain(mbnetv2,imagenet-1k)->transfer(SDog120,0.5)",0.24476820696145296,"pretrain(resnet18,imagenet-1k)->transfer(SDog120,0.5)->prune(0.5)"
SDog120,Adversarial,DDV,train,400,"pretrain(mbnetv2,imagenet-1k)->transfer(SDog120,0.5)",0.24369009700603783,"pretrain(resnet18,imagenet-1k)->transfer(SDog120,0.5)->prune(0.8)"
SDog120,Adversarial,DDV,train,400,"pretrain(mbnetv2,imagenet-1k)->transfer(SDog120,0.5)",2.2676948161097243,"pretrain(resnet18,imagenet-1k)->transfer(SDog120,0.5)->quantize(float16)"
SDog120,Adversarial,DDV,train,400,"pretrain(mbnetv2,imagenet-1k)->transfer(SDog120,0.5)",2.272150416043587,"pretrain(resnet18,imagenet-1k)->transfer(SDog120,0.5)->quantize(qint8)"
SDog120,Adversarial,DDV,train,400,"pretrain(mbnetv2,imagenet-1k)->transfer(SDog120,0.5)",0.26487284793984145,"pretrain(resnet18,imagenet-1k)->transfer(SDog120,0.5)->steal(mbnetv2)"
SDog120,Adversarial,DDV,train,400,"pretrain(mbnetv2,imagenet-1k)->transfer(SDog120,0.5)",0.24829997099004686,"pretrain(resnet18,imagenet-1k)->transfer(SDog120,0.5)->steal(resnet18)"
SDog120,Adversarial,DDV,train,400,"pretrain(mbnetv2,imagenet-1k)->transfer(SDog120,0.5)",0.24380925798323005,"pretrain(resnet18,imagenet-1k)->transfer(SDog120,0.5)->distill()"
SDog120,Adversarial,DDV,train,400,"pretrain(mbnetv2,imagenet-1k)->transfer(SDog120,0.5)",0.22479537304025143,"pretrain(resnet18,imagenet-1k)->transfer(SDog120,1.0)"
SDog120,Adversarial,DDV,train,400,"pretrain(mbnetv2,imagenet-1k)->transfer(SDog120,0.5)",0.24572592903859913,"pretrain(resnet18,imagenet-1k)->transfer(SDog120,1.0)->prune(0.2)"
SDog120,Adversarial,DDV,train,400,"pretrain(mbnetv2,imagenet-1k)->transfer(SDog120,0.5)",0.24460966407787055,"pretrain(resnet18,imagenet-1k)->transfer(SDog120,1.0)->prune(0.5)"
SDog120,Adversarial,DDV,train,400,"pretrain(mbnetv2,imagenet-1k)->transfer(SDog120,0.5)",0.24344907491467893,"pretrain(resnet18,imagenet-1k)->transfer(SDog120,1.0)->prune(0.8)"
SDog120,Adversarial,DDV,train,400,"pretrain(mbnetv2,imagenet-1k)->transfer(SDog120,0.5)",2.2450039859395474,"pretrain(resnet18,imagenet-1k)->transfer(SDog120,1.0)->quantize(float16)"
SDog120,Adversarial,DDV,train,400,"pretrain(mbnetv2,imagenet-1k)->transfer(SDog120,0.5)",2.2586914629209787,"pretrain(resnet18,imagenet-1k)->transfer(SDog120,1.0)->quantize(qint8)"
SDog120,Adversarial,DDV,train,400,"pretrain(mbnetv2,imagenet-1k)->transfer(SDog120,0.5)",0.23950431600678712,"pretrain(resnet18,imagenet-1k)->transfer(SDog120,1.0)->steal(mbnetv2)"
SDog120,Adversarial,DDV,train,400,"pretrain(mbnetv2,imagenet-1k)->transfer(SDog120,0.5)",0.24593115493189543,"pretrain(resnet18,imagenet-1k)->transfer(SDog120,1.0)->steal(resnet18)"
SDog120,Adversarial,DDV,train,400,"pretrain(mbnetv2,imagenet-1k)->transfer(SDog120,0.5)",0.2449452270520851,"pretrain(resnet18,imagenet-1k)->transfer(SDog120,1.0)->distill()"
SDog120,Adversarial,DDV,train,400,"pretrain(mbnetv2,imagenet-1k)->transfer(SDog120,0.5)",0.2595780160045251,"train(mbnetv2,SDog120)"
SDog120,Adversarial,DDV,train,400,"pretrain(mbnetv2,imagenet-1k)->transfer(SDog120,0.5)",0.25947158702183515,"train(mbnetv2,SDog120)->prune(0.2)"
SDog120,Adversarial,DDV,train,400,"pretrain(mbnetv2,imagenet-1k)->transfer(SDog120,0.5)",0.2594978119013831,"train(mbnetv2,SDog120)->prune(0.5)"
SDog120,Adversarial,DDV,train,400,"pretrain(mbnetv2,imagenet-1k)->transfer(SDog120,0.5)",0.25910568807739764,"train(mbnetv2,SDog120)->prune(0.8)"
SDog120,Adversarial,DDV,train,400,"pretrain(mbnetv2,imagenet-1k)->transfer(SDog120,0.5)",0.2589845350012183,"train(mbnetv2,SDog120)->steal(mbnetv2)"
SDog120,Adversarial,DDV,train,400,"pretrain(mbnetv2,imagenet-1k)->transfer(SDog120,0.5)",0.2448918599402532,"train(mbnetv2,SDog120)->steal(resnet18)"
SDog120,Adversarial,DDV,train,400,"pretrain(mbnetv2,imagenet-1k)->transfer(SDog120,0.5)",0.23976560798473656,"train(mbnetv2,SDog120)->distill()"
SDog120,Adversarial,DDV,train,400,"pretrain(mbnetv2,imagenet-1k)->transfer(SDog120,0.5)",0.22442138090264052,"train(resnet18,SDog120)"
SDog120,Adversarial,DDV,train,400,"pretrain(mbnetv2,imagenet-1k)->transfer(SDog120,0.5)",0.24516512698028237,"train(resnet18,SDog120)->prune(0.2)"
SDog120,Adversarial,DDV,train,400,"pretrain(mbnetv2,imagenet-1k)->transfer(SDog120,0.5)",0.24306149198673666,"train(resnet18,SDog120)->prune(0.5)"
SDog120,Adversarial,DDV,train,400,"pretrain(mbnetv2,imagenet-1k)->transfer(SDog120,0.5)",0.2455799310700968,"train(resnet18,SDog120)->prune(0.8)"
SDog120,Adversarial,DDV,train,400,"pretrain(mbnetv2,imagenet-1k)->transfer(SDog120,0.5)",0.23972841200884432,"train(resnet18,SDog120)->steal(mbnetv2)"
SDog120,Adversarial,DDV,train,400,"pretrain(mbnetv2,imagenet-1k)->transfer(SDog120,0.5)",0.24493173602968454,"train(resnet18,SDog120)->steal(resnet18)"
SDog120,Adversarial,DDV,train,400,"pretrain(mbnetv2,imagenet-1k)->transfer(SDog120,0.5)",0.24395175999961793,"train(resnet18,SDog120)->distill()"
SDog120,Adversarial,DDV,train,400,"pretrain(mbnetv2,imagenet-1k)->transfer(SDog120,1.0)",0.21893228602129966,
SDog120,Adversarial,DDV,train,400,"pretrain(mbnetv2,imagenet-1k)->transfer(SDog120,1.0)",0.23996841593179852,"pretrain(mbnetv2,imagenet-1k)->transfer(SDog120,0.1)"
SDog120,Adversarial,DDV,train,400,"pretrain(mbnetv2,imagenet-1k)->transfer(SDog120,1.0)",0.23992602701764554,"pretrain(mbnetv2,imagenet-1k)->transfer(SDog120,0.1)->prune(0.2)"
SDog120,Adversarial,DDV,train,400,"pretrain(mbnetv2,imagenet-1k)->transfer(SDog120,1.0)",0.2185261029517278,"pretrain(mbnetv2,imagenet-1k)->transfer(SDog120,0.1)->prune(0.5)"
SDog120,Adversarial,DDV,train,400,"pretrain(mbnetv2,imagenet-1k)->transfer(SDog120,1.0)",0.21868266200181097,"pretrain(mbnetv2,imagenet-1k)->transfer(SDog120,0.1)->prune(0.8)"
SDog120,Adversarial,DDV,train,400,"pretrain(mbnetv2,imagenet-1k)->transfer(SDog120,1.0)",2.287991910940036,"pretrain(mbnetv2,imagenet-1k)->transfer(SDog120,0.1)->quantize(float16)"
SDog120,Adversarial,DDV,train,400,"pretrain(mbnetv2,imagenet-1k)->transfer(SDog120,1.0)",2.281264489982277,"pretrain(mbnetv2,imagenet-1k)->transfer(SDog120,0.1)->quantize(qint8)"
SDog120,Adversarial,DDV,train,400,"pretrain(mbnetv2,imagenet-1k)->transfer(SDog120,1.0)",0.2186988890171051,"pretrain(mbnetv2,imagenet-1k)->transfer(SDog120,0.1)->steal(mbnetv2)"
SDog120,Adversarial,DDV,train,400,"pretrain(mbnetv2,imagenet-1k)->transfer(SDog120,1.0)",0.23690448596607894,"pretrain(mbnetv2,imagenet-1k)->transfer(SDog120,0.1)->steal(resnet18)"
SDog120,Adversarial,DDV,train,400,"pretrain(mbnetv2,imagenet-1k)->transfer(SDog120,1.0)",0.25949008495081216,"pretrain(mbnetv2,imagenet-1k)->transfer(SDog120,0.1)->distill()"
SDog120,Adversarial,DDV,train,400,"pretrain(mbnetv2,imagenet-1k)->transfer(SDog120,1.0)",0.2398031170014292,"pretrain(mbnetv2,imagenet-1k)->transfer(SDog120,0.5)"
SDog120,Adversarial,DDV,train,400,"pretrain(mbnetv2,imagenet-1k)->transfer(SDog120,1.0)",0.240350837004371,"pretrain(mbnetv2,imagenet-1k)->transfer(SDog120,0.5)->prune(0.2)"
SDog120,Adversarial,DDV,train,400,"pretrain(mbnetv2,imagenet-1k)->transfer(SDog120,1.0)",0.23654377600178123,"pretrain(mbnetv2,imagenet-1k)->transfer(SDog120,0.5)->prune(0.5)"
SDog120,Adversarial,DDV,train,400,"pretrain(mbnetv2,imagenet-1k)->transfer(SDog120,1.0)",0.23592140700202435,"pretrain(mbnetv2,imagenet-1k)->transfer(SDog120,0.5)->prune(0.8)"
SDog120,Adversarial,DDV,train,400,"pretrain(mbnetv2,imagenet-1k)->transfer(SDog120,1.0)",2.285111218923703,"pretrain(mbnetv2,imagenet-1k)->transfer(SDog120,0.5)->quantize(float16)"
SDog120,Adversarial,DDV,train,400,"pretrain(mbnetv2,imagenet-1k)->transfer(SDog120,1.0)",2.3011561559978873,"pretrain(mbnetv2,imagenet-1k)->transfer(SDog120,0.5)->quantize(qint8)"
SDog120,Adversarial,DDV,train,400,"pretrain(mbnetv2,imagenet-1k)->transfer(SDog120,1.0)",0.21891724702436477,"pretrain(mbnetv2,imagenet-1k)->transfer(SDog120,0.5)->steal(mbnetv2)"
SDog120,Adversarial,DDV,train,400,"pretrain(mbnetv2,imagenet-1k)->transfer(SDog120,1.0)",0.23739562998525798,"pretrain(mbnetv2,imagenet-1k)->transfer(SDog120,0.5)->steal(resnet18)"
SDog120,Adversarial,DDV,train,400,"pretrain(mbnetv2,imagenet-1k)->transfer(SDog120,1.0)",0.21880117699038237,"pretrain(mbnetv2,imagenet-1k)->transfer(SDog120,0.5)->distill()"
SDog120,Adversarial,DDV,train,400,"pretrain(mbnetv2,imagenet-1k)->transfer(SDog120,1.0)",0.21855515998322517,"pretrain(mbnetv2,imagenet-1k)->transfer(SDog120,1.0)"
SDog120,Adversarial,DDV,train,400,"pretrain(mbnetv2,imagenet-1k)->transfer(SDog120,1.0)",0.2187650220002979,"pretrain(mbnetv2,imagenet-1k)->transfer(SDog120,1.0)->prune(0.2)"
SDog120,Adversarial,DDV,train,400,"pretrain(mbnetv2,imagenet-1k)->transfer(SDog120,1.0)",0.2188405350316316,"pretrain(mbnetv2,imagenet-1k)->transfer(SDog120,1.0)->prune(0.5)"
SDog120,Adversarial,DDV,train,400,"pretrain(mbnetv2,imagenet-1k)->transfer(SDog120,1.0)",0.22975503001362085,"pretrain(mbnetv2,imagenet-1k)->transfer(SDog120,1.0)->prune(0.8)"
SDog120,Adversarial,DDV,train,400,"pretrain(mbnetv2,imagenet-1k)->transfer(SDog120,1.0)",2.3403753601014614,"pretrain(mbnetv2,imagenet-1k)->transfer(SDog120,1.0)->quantize(float16)"
SDog120,Adversarial,DDV,train,400,"pretrain(mbnetv2,imagenet-1k)->transfer(SDog120,1.0)",2.3047586350003257,"pretrain(mbnetv2,imagenet-1k)->transfer(SDog120,1.0)->quantize(qint8)"
SDog120,Adversarial,DDV,train,400,"pretrain(mbnetv2,imagenet-1k)->transfer(SDog120,1.0)",0.21842853107955307,"pretrain(mbnetv2,imagenet-1k)->transfer(SDog120,1.0)->steal(mbnetv2)"
SDog120,Adversarial,DDV,train,400,"pretrain(mbnetv2,imagenet-1k)->transfer(SDog120,1.0)",0.2375733769731596,"pretrain(mbnetv2,imagenet-1k)->transfer(SDog120,1.0)->steal(resnet18)"
SDog120,Adversarial,DDV,train,400,"pretrain(mbnetv2,imagenet-1k)->transfer(SDog120,1.0)",0.21850818197708577,"pretrain(mbnetv2,imagenet-1k)->transfer(SDog120,1.0)->distill()"
SDog120,Adversarial,DDV,train,400,"pretrain(mbnetv2,imagenet-1k)->transfer(SDog120,1.0)",0.2385876280022785,"pretrain(resnet18,imagenet-1k)->transfer(SDog120,0.1)"
SDog120,Adversarial,DDV,train,400,"pretrain(mbnetv2,imagenet-1k)->transfer(SDog120,1.0)",0.23824372701346874,"pretrain(resnet18,imagenet-1k)->transfer(SDog120,0.1)->prune(0.2)"
SDog120,Adversarial,DDV,train,400,"pretrain(mbnetv2,imagenet-1k)->transfer(SDog120,1.0)",0.23745422495994717,"pretrain(resnet18,imagenet-1k)->transfer(SDog120,0.1)->prune(0.5)"
SDog120,Adversarial,DDV,train,400,"pretrain(mbnetv2,imagenet-1k)->transfer(SDog120,1.0)",0.23769327893387526,"pretrain(resnet18,imagenet-1k)->transfer(SDog120,0.1)->prune(0.8)"
SDog120,Adversarial,DDV,train,400,"pretrain(mbnetv2,imagenet-1k)->transfer(SDog120,1.0)",2.2752875989535823,"pretrain(resnet18,imagenet-1k)->transfer(SDog120,0.1)->quantize(float16)"
SDog120,Adversarial,DDV,train,400,"pretrain(mbnetv2,imagenet-1k)->transfer(SDog120,1.0)",2.276942205033265,"pretrain(resnet18,imagenet-1k)->transfer(SDog120,0.1)->quantize(qint8)"
SDog120,Adversarial,DDV,train,400,"pretrain(mbnetv2,imagenet-1k)->transfer(SDog120,1.0)",0.26470081391744316,"pretrain(resnet18,imagenet-1k)->transfer(SDog120,0.1)->steal(mbnetv2)"
SDog120,Adversarial,DDV,train,400,"pretrain(mbnetv2,imagenet-1k)->transfer(SDog120,1.0)",0.2397375029977411,"pretrain(resnet18,imagenet-1k)->transfer(SDog120,0.1)->steal(resnet18)"
SDog120,Adversarial,DDV,train,400,"pretrain(mbnetv2,imagenet-1k)->transfer(SDog120,1.0)",0.23771632800344378,"pretrain(resnet18,imagenet-1k)->transfer(SDog120,0.1)->distill()"
SDog120,Adversarial,DDV,train,400,"pretrain(mbnetv2,imagenet-1k)->transfer(SDog120,1.0)",0.23722371505573392,"pretrain(resnet18,imagenet-1k)->transfer(SDog120,0.5)"
SDog120,Adversarial,DDV,train,400,"pretrain(mbnetv2,imagenet-1k)->transfer(SDog120,1.0)",0.23740758595522493,"pretrain(resnet18,imagenet-1k)->transfer(SDog120,0.5)->prune(0.2)"
SDog120,Adversarial,DDV,train,400,"pretrain(mbnetv2,imagenet-1k)->transfer(SDog120,1.0)",0.2372578140348196,"pretrain(resnet18,imagenet-1k)->transfer(SDog120,0.5)->prune(0.5)"
SDog120,Adversarial,DDV,train,400,"pretrain(mbnetv2,imagenet-1k)->transfer(SDog120,1.0)",0.23675046593416482,"pretrain(resnet18,imagenet-1k)->transfer(SDog120,0.5)->prune(0.8)"
SDog120,Adversarial,DDV,train,400,"pretrain(mbnetv2,imagenet-1k)->transfer(SDog120,1.0)",2.2726910510100424,"pretrain(resnet18,imagenet-1k)->transfer(SDog120,0.5)->quantize(float16)"
SDog120,Adversarial,DDV,train,400,"pretrain(mbnetv2,imagenet-1k)->transfer(SDog120,1.0)",2.2725826130481437,"pretrain(resnet18,imagenet-1k)->transfer(SDog120,0.5)->quantize(qint8)"
SDog120,Adversarial,DDV,train,400,"pretrain(mbnetv2,imagenet-1k)->transfer(SDog120,1.0)",0.25897235597949475,"pretrain(resnet18,imagenet-1k)->transfer(SDog120,0.5)->steal(mbnetv2)"
SDog120,Adversarial,DDV,train,400,"pretrain(mbnetv2,imagenet-1k)->transfer(SDog120,1.0)",0.23702434299048036,"pretrain(resnet18,imagenet-1k)->transfer(SDog120,0.5)->steal(resnet18)"
SDog120,Adversarial,DDV,train,400,"pretrain(mbnetv2,imagenet-1k)->transfer(SDog120,1.0)",0.23754724999889731,"pretrain(resnet18,imagenet-1k)->transfer(SDog120,0.5)->distill()"
SDog120,Adversarial,DDV,train,400,"pretrain(mbnetv2,imagenet-1k)->transfer(SDog120,1.0)",0.23721092101186514,"pretrain(resnet18,imagenet-1k)->transfer(SDog120,1.0)"
SDog120,Adversarial,DDV,train,400,"pretrain(mbnetv2,imagenet-1k)->transfer(SDog120,1.0)",0.23743066994939,"pretrain(resnet18,imagenet-1k)->transfer(SDog120,1.0)->prune(0.2)"
SDog120,Adversarial,DDV,train,400,"pretrain(mbnetv2,imagenet-1k)->transfer(SDog120,1.0)",0.23713194392621517,"pretrain(resnet18,imagenet-1k)->transfer(SDog120,1.0)->prune(0.5)"
SDog120,Adversarial,DDV,train,400,"pretrain(mbnetv2,imagenet-1k)->transfer(SDog120,1.0)",0.2367424190742895,"pretrain(resnet18,imagenet-1k)->transfer(SDog120,1.0)->prune(0.8)"
SDog120,Adversarial,DDV,train,400,"pretrain(mbnetv2,imagenet-1k)->transfer(SDog120,1.0)",2.2758724469458684,"pretrain(resnet18,imagenet-1k)->transfer(SDog120,1.0)->quantize(float16)"
SDog120,Adversarial,DDV,train,400,"pretrain(mbnetv2,imagenet-1k)->transfer(SDog120,1.0)",2.2793054800713435,"pretrain(resnet18,imagenet-1k)->transfer(SDog120,1.0)->quantize(qint8)"
SDog120,Adversarial,DDV,train,400,"pretrain(mbnetv2,imagenet-1k)->transfer(SDog120,1.0)",0.2594934629742056,"pretrain(resnet18,imagenet-1k)->transfer(SDog120,1.0)->steal(mbnetv2)"
SDog120,Adversarial,DDV,train,400,"pretrain(mbnetv2,imagenet-1k)->transfer(SDog120,1.0)",0.2374326050048694,"pretrain(resnet18,imagenet-1k)->transfer(SDog120,1.0)->steal(resnet18)"
SDog120,Adversarial,DDV,train,400,"pretrain(mbnetv2,imagenet-1k)->transfer(SDog120,1.0)",0.23719594103749841,"pretrain(resnet18,imagenet-1k)->transfer(SDog120,1.0)->distill()"
SDog120,Adversarial,DDV,train,400,"pretrain(mbnetv2,imagenet-1k)->transfer(SDog120,1.0)",0.2615031220484525,"train(mbnetv2,SDog120)"
SDog120,Adversarial,DDV,train,400,"pretrain(mbnetv2,imagenet-1k)->transfer(SDog120,1.0)",0.21848960604984313,"train(mbnetv2,SDog120)->prune(0.2)"
SDog120,Adversarial,DDV,train,400,"pretrain(mbnetv2,imagenet-1k)->transfer(SDog120,1.0)",0.2246428020298481,"train(mbnetv2,SDog120)->prune(0.5)"
SDog120,Adversarial,DDV,train,400,"pretrain(mbnetv2,imagenet-1k)->transfer(SDog120,1.0)",0.21811729099135846,"train(mbnetv2,SDog120)->prune(0.8)"
SDog120,Adversarial,DDV,train,400,"pretrain(mbnetv2,imagenet-1k)->transfer(SDog120,1.0)",0.23239764792378992,"train(mbnetv2,SDog120)->steal(mbnetv2)"
SDog120,Adversarial,DDV,train,400,"pretrain(mbnetv2,imagenet-1k)->transfer(SDog120,1.0)",0.23639337497297674,"train(mbnetv2,SDog120)->steal(resnet18)"
SDog120,Adversarial,DDV,train,400,"pretrain(mbnetv2,imagenet-1k)->transfer(SDog120,1.0)",0.25921128306072205,"train(mbnetv2,SDog120)->distill()"
SDog120,Adversarial,DDV,train,400,"pretrain(mbnetv2,imagenet-1k)->transfer(SDog120,1.0)",0.23744646308477968,"train(resnet18,SDog120)"
SDog120,Adversarial,DDV,train,400,"pretrain(mbnetv2,imagenet-1k)->transfer(SDog120,1.0)",0.2370044889394194,"train(resnet18,SDog120)->prune(0.2)"
SDog120,Adversarial,DDV,train,400,"pretrain(mbnetv2,imagenet-1k)->transfer(SDog120,1.0)",0.2367555130040273,"train(resnet18,SDog120)->prune(0.5)"
SDog120,Adversarial,DDV,train,400,"pretrain(mbnetv2,imagenet-1k)->transfer(SDog120,1.0)",0.23705605103168637,"train(resnet18,SDog120)->prune(0.8)"
SDog120,Adversarial,DDV,train,400,"pretrain(mbnetv2,imagenet-1k)->transfer(SDog120,1.0)",0.2603633649414405,"train(resnet18,SDog120)->steal(mbnetv2)"
SDog120,Adversarial,DDV,train,400,"pretrain(mbnetv2,imagenet-1k)->transfer(SDog120,1.0)",0.2368788819294423,"train(resnet18,SDog120)->steal(resnet18)"
SDog120,Adversarial,DDV,train,400,"pretrain(mbnetv2,imagenet-1k)->transfer(SDog120,1.0)",0.2440629960037768,"train(resnet18,SDog120)->distill()"
SDog120,Adversarial,DDV,train,400,"pretrain(resnet18,imagenet-1k)->transfer(SDog120,0.1)",0.23850076796952635,
SDog120,Adversarial,DDV,train,400,"pretrain(resnet18,imagenet-1k)->transfer(SDog120,0.1)",0.2593890279531479,"pretrain(mbnetv2,imagenet-1k)->transfer(SDog120,0.1)"
SDog120,Adversarial,DDV,train,400,"pretrain(resnet18,imagenet-1k)->transfer(SDog120,0.1)",0.2606490260222927,"pretrain(mbnetv2,imagenet-1k)->transfer(SDog120,0.1)->prune(0.2)"
SDog120,Adversarial,DDV,train,400,"pretrain(resnet18,imagenet-1k)->transfer(SDog120,0.1)",0.25906663201749325,"pretrain(mbnetv2,imagenet-1k)->transfer(SDog120,0.1)->prune(0.5)"
SDog120,Adversarial,DDV,train,400,"pretrain(resnet18,imagenet-1k)->transfer(SDog120,0.1)",0.2396029360825196,"pretrain(mbnetv2,imagenet-1k)->transfer(SDog120,0.1)->prune(0.8)"
SDog120,Adversarial,DDV,train,400,"pretrain(resnet18,imagenet-1k)->transfer(SDog120,0.1)",2.2882639369927347,"pretrain(mbnetv2,imagenet-1k)->transfer(SDog120,0.1)->quantize(float16)"
SDog120,Adversarial,DDV,train,400,"pretrain(resnet18,imagenet-1k)->transfer(SDog120,0.1)",2.2834578389301896,"pretrain(mbnetv2,imagenet-1k)->transfer(SDog120,0.1)->quantize(qint8)"
SDog120,Adversarial,DDV,train,400,"pretrain(resnet18,imagenet-1k)->transfer(SDog120,0.1)",0.26053398998919874,"pretrain(mbnetv2,imagenet-1k)->transfer(SDog120,0.1)->steal(mbnetv2)"
SDog120,Adversarial,DDV,train,400,"pretrain(resnet18,imagenet-1k)->transfer(SDog120,0.1)",0.24368476390372962,"pretrain(mbnetv2,imagenet-1k)->transfer(SDog120,0.1)->steal(resnet18)"
SDog120,Adversarial,DDV,train,400,"pretrain(resnet18,imagenet-1k)->transfer(SDog120,0.1)",0.26057509204838425,"pretrain(mbnetv2,imagenet-1k)->transfer(SDog120,0.1)->distill()"
SDog120,Adversarial,DDV,train,400,"pretrain(resnet18,imagenet-1k)->transfer(SDog120,0.1)",0.25410989893134683,"pretrain(mbnetv2,imagenet-1k)->transfer(SDog120,0.5)"
SDog120,Adversarial,DDV,train,400,"pretrain(resnet18,imagenet-1k)->transfer(SDog120,0.1)",0.2617343720048666,"pretrain(mbnetv2,imagenet-1k)->transfer(SDog120,0.5)->prune(0.2)"
SDog120,Adversarial,DDV,train,400,"pretrain(resnet18,imagenet-1k)->transfer(SDog120,0.1)",0.2585015940712765,"pretrain(mbnetv2,imagenet-1k)->transfer(SDog120,0.5)->prune(0.5)"
SDog120,Adversarial,DDV,train,400,"pretrain(resnet18,imagenet-1k)->transfer(SDog120,0.1)",0.2586206669220701,"pretrain(mbnetv2,imagenet-1k)->transfer(SDog120,0.5)->prune(0.8)"
SDog120,Adversarial,DDV,train,400,"pretrain(resnet18,imagenet-1k)->transfer(SDog120,0.1)",2.2852727150311694,"pretrain(mbnetv2,imagenet-1k)->transfer(SDog120,0.5)->quantize(float16)"
SDog120,Adversarial,DDV,train,400,"pretrain(resnet18,imagenet-1k)->transfer(SDog120,0.1)",2.302388216019608,"pretrain(mbnetv2,imagenet-1k)->transfer(SDog120,0.5)->quantize(qint8)"
SDog120,Adversarial,DDV,train,400,"pretrain(resnet18,imagenet-1k)->transfer(SDog120,0.1)",0.2327442510286346,"pretrain(mbnetv2,imagenet-1k)->transfer(SDog120,0.5)->steal(mbnetv2)"
SDog120,Adversarial,DDV,train,400,"pretrain(resnet18,imagenet-1k)->transfer(SDog120,0.1)",0.24649250507354736,"pretrain(mbnetv2,imagenet-1k)->transfer(SDog120,0.5)->steal(resnet18)"
SDog120,Adversarial,DDV,train,400,"pretrain(resnet18,imagenet-1k)->transfer(SDog120,0.1)",0.26046389201655984,"pretrain(mbnetv2,imagenet-1k)->transfer(SDog120,0.5)->distill()"
SDog120,Adversarial,DDV,train,400,"pretrain(resnet18,imagenet-1k)->transfer(SDog120,0.1)",0.2444071340141818,"pretrain(mbnetv2,imagenet-1k)->transfer(SDog120,1.0)"
SDog120,Adversarial,DDV,train,400,"pretrain(resnet18,imagenet-1k)->transfer(SDog120,0.1)",0.2442181610967964,"pretrain(mbnetv2,imagenet-1k)->transfer(SDog120,1.0)->prune(0.2)"
SDog120,Adversarial,DDV,train,400,"pretrain(resnet18,imagenet-1k)->transfer(SDog120,0.1)",0.23316170403268188,"pretrain(mbnetv2,imagenet-1k)->transfer(SDog120,1.0)->prune(0.5)"
SDog120,Adversarial,DDV,train,400,"pretrain(resnet18,imagenet-1k)->transfer(SDog120,0.1)",0.2298205380793661,"pretrain(mbnetv2,imagenet-1k)->transfer(SDog120,1.0)->prune(0.8)"
SDog120,Adversarial,DDV,train,400,"pretrain(resnet18,imagenet-1k)->transfer(SDog120,0.1)",2.2874354060040787,"pretrain(mbnetv2,imagenet-1k)->transfer(SDog120,1.0)->quantize(float16)"
SDog120,Adversarial,DDV,train,400,"pretrain(resnet18,imagenet-1k)->transfer(SDog120,0.1)",2.293773703975603,"pretrain(mbnetv2,imagenet-1k)->transfer(SDog120,1.0)->quantize(qint8)"
SDog120,Adversarial,DDV,train,400,"pretrain(resnet18,imagenet-1k)->transfer(SDog120,0.1)",0.24540029594209045,"pretrain(mbnetv2,imagenet-1k)->transfer(SDog120,1.0)->steal(mbnetv2)"
SDog120,Adversarial,DDV,train,400,"pretrain(resnet18,imagenet-1k)->transfer(SDog120,0.1)",0.24896735697984695,"pretrain(mbnetv2,imagenet-1k)->transfer(SDog120,1.0)->steal(resnet18)"
SDog120,Adversarial,DDV,train,400,"pretrain(resnet18,imagenet-1k)->transfer(SDog120,0.1)",0.2541963930707425,"pretrain(mbnetv2,imagenet-1k)->transfer(SDog120,1.0)->distill()"
SDog120,Adversarial,DDV,train,400,"pretrain(resnet18,imagenet-1k)->transfer(SDog120,0.1)",0.24604538502171636,"pretrain(resnet18,imagenet-1k)->transfer(SDog120,0.1)"
SDog120,Adversarial,DDV,train,400,"pretrain(resnet18,imagenet-1k)->transfer(SDog120,0.1)",0.24567500595003366,"pretrain(resnet18,imagenet-1k)->transfer(SDog120,0.1)->prune(0.2)"
SDog120,Adversarial,DDV,train,400,"pretrain(resnet18,imagenet-1k)->transfer(SDog120,0.1)",0.24443129904102534,"pretrain(resnet18,imagenet-1k)->transfer(SDog120,0.1)->prune(0.5)"
SDog120,Adversarial,DDV,train,400,"pretrain(resnet18,imagenet-1k)->transfer(SDog120,0.1)",0.24512125994078815,"pretrain(resnet18,imagenet-1k)->transfer(SDog120,0.1)->prune(0.8)"
SDog120,Adversarial,DDV,train,400,"pretrain(resnet18,imagenet-1k)->transfer(SDog120,0.1)",2.2787838330259547,"pretrain(resnet18,imagenet-1k)->transfer(SDog120,0.1)->quantize(float16)"
SDog120,Adversarial,DDV,train,400,"pretrain(resnet18,imagenet-1k)->transfer(SDog120,0.1)",2.279626617091708,"pretrain(resnet18,imagenet-1k)->transfer(SDog120,0.1)->quantize(qint8)"
SDog120,Adversarial,DDV,train,400,"pretrain(resnet18,imagenet-1k)->transfer(SDog120,0.1)",0.25961454899515957,"pretrain(resnet18,imagenet-1k)->transfer(SDog120,0.1)->steal(mbnetv2)"
SDog120,Adversarial,DDV,train,400,"pretrain(resnet18,imagenet-1k)->transfer(SDog120,0.1)",0.24629377096425742,"pretrain(resnet18,imagenet-1k)->transfer(SDog120,0.1)->steal(resnet18)"
SDog120,Adversarial,DDV,train,400,"pretrain(resnet18,imagenet-1k)->transfer(SDog120,0.1)",0.24600277899298817,"pretrain(resnet18,imagenet-1k)->transfer(SDog120,0.1)->distill()"
SDog120,Adversarial,DDV,train,400,"pretrain(resnet18,imagenet-1k)->transfer(SDog120,0.1)",0.24463190010283142,"pretrain(resnet18,imagenet-1k)->transfer(SDog120,0.5)"
SDog120,Adversarial,DDV,train,400,"pretrain(resnet18,imagenet-1k)->transfer(SDog120,0.1)",0.24440999410580844,"pretrain(resnet18,imagenet-1k)->transfer(SDog120,0.5)->prune(0.2)"
SDog120,Adversarial,DDV,train,400,"pretrain(resnet18,imagenet-1k)->transfer(SDog120,0.1)",0.24565421103034168,"pretrain(resnet18,imagenet-1k)->transfer(SDog120,0.5)->prune(0.5)"
SDog120,Adversarial,DDV,train,400,"pretrain(resnet18,imagenet-1k)->transfer(SDog120,0.1)",0.2365543550113216,"pretrain(resnet18,imagenet-1k)->transfer(SDog120,0.5)->prune(0.8)"
SDog120,Adversarial,DDV,train,400,"pretrain(resnet18,imagenet-1k)->transfer(SDog120,0.1)",2.2794398319674656,"pretrain(resnet18,imagenet-1k)->transfer(SDog120,0.5)->quantize(float16)"
SDog120,Adversarial,DDV,train,400,"pretrain(resnet18,imagenet-1k)->transfer(SDog120,0.1)",2.2795012269634753,"pretrain(resnet18,imagenet-1k)->transfer(SDog120,0.5)->quantize(qint8)"
SDog120,Adversarial,DDV,train,400,"pretrain(resnet18,imagenet-1k)->transfer(SDog120,0.1)",0.25919284694828093,"pretrain(resnet18,imagenet-1k)->transfer(SDog120,0.5)->steal(mbnetv2)"
SDog120,Adversarial,DDV,train,400,"pretrain(resnet18,imagenet-1k)->transfer(SDog120,0.1)",0.2456604290055111,"pretrain(resnet18,imagenet-1k)->transfer(SDog120,0.5)->steal(resnet18)"
SDog120,Adversarial,DDV,train,400,"pretrain(resnet18,imagenet-1k)->transfer(SDog120,0.1)",0.24380774493329227,"pretrain(resnet18,imagenet-1k)->transfer(SDog120,0.5)->distill()"
SDog120,Adversarial,DDV,train,400,"pretrain(resnet18,imagenet-1k)->transfer(SDog120,0.1)",0.24383876600768417,"pretrain(resnet18,imagenet-1k)->transfer(SDog120,1.0)"
SDog120,Adversarial,DDV,train,400,"pretrain(resnet18,imagenet-1k)->transfer(SDog120,0.1)",0.24563633499201387,"pretrain(resnet18,imagenet-1k)->transfer(SDog120,1.0)->prune(0.2)"
SDog120,Adversarial,DDV,train,400,"pretrain(resnet18,imagenet-1k)->transfer(SDog120,0.1)",0.2449387509841472,"pretrain(resnet18,imagenet-1k)->transfer(SDog120,1.0)->prune(0.5)"
SDog120,Adversarial,DDV,train,400,"pretrain(resnet18,imagenet-1k)->transfer(SDog120,0.1)",0.2451486790087074,"pretrain(resnet18,imagenet-1k)->transfer(SDog120,1.0)->prune(0.8)"
SDog120,Adversarial,DDV,train,400,"pretrain(resnet18,imagenet-1k)->transfer(SDog120,0.1)",2.2477411180734634,"pretrain(resnet18,imagenet-1k)->transfer(SDog120,1.0)->quantize(float16)"
SDog120,Adversarial,DDV,train,400,"pretrain(resnet18,imagenet-1k)->transfer(SDog120,0.1)",2.2512275991030037,"pretrain(resnet18,imagenet-1k)->transfer(SDog120,1.0)->quantize(qint8)"
SDog120,Adversarial,DDV,train,400,"pretrain(resnet18,imagenet-1k)->transfer(SDog120,0.1)",0.2632722300477326,"pretrain(resnet18,imagenet-1k)->transfer(SDog120,1.0)->steal(mbnetv2)"
SDog120,Adversarial,DDV,train,400,"pretrain(resnet18,imagenet-1k)->transfer(SDog120,0.1)",0.24623017699923366,"pretrain(resnet18,imagenet-1k)->transfer(SDog120,1.0)->steal(resnet18)"
SDog120,Adversarial,DDV,train,400,"pretrain(resnet18,imagenet-1k)->transfer(SDog120,0.1)",0.23913837992586195,"pretrain(resnet18,imagenet-1k)->transfer(SDog120,1.0)->distill()"
SDog120,Adversarial,DDV,train,400,"pretrain(resnet18,imagenet-1k)->transfer(SDog120,0.1)",0.2591991879744455,"train(mbnetv2,SDog120)"
SDog120,Adversarial,DDV,train,400,"pretrain(resnet18,imagenet-1k)->transfer(SDog120,0.1)",0.25930957205127925,"train(mbnetv2,SDog120)->prune(0.2)"
SDog120,Adversarial,DDV,train,400,"pretrain(resnet18,imagenet-1k)->transfer(SDog120,0.1)",0.25971917202696204,"train(mbnetv2,SDog120)->prune(0.5)"
SDog120,Adversarial,DDV,train,400,"pretrain(resnet18,imagenet-1k)->transfer(SDog120,0.1)",0.2591641510371119,"train(mbnetv2,SDog120)->prune(0.8)"
SDog120,Adversarial,DDV,train,400,"pretrain(resnet18,imagenet-1k)->transfer(SDog120,0.1)",0.25895241496618837,"train(mbnetv2,SDog120)->steal(mbnetv2)"
SDog120,Adversarial,DDV,train,400,"pretrain(resnet18,imagenet-1k)->transfer(SDog120,0.1)",0.24455159599892795,"train(mbnetv2,SDog120)->steal(resnet18)"
SDog120,Adversarial,DDV,train,400,"pretrain(resnet18,imagenet-1k)->transfer(SDog120,0.1)",0.22867826803121716,"train(mbnetv2,SDog120)->distill()"
SDog120,Adversarial,DDV,train,400,"pretrain(resnet18,imagenet-1k)->transfer(SDog120,0.1)",0.2455535390181467,"train(resnet18,SDog120)"
SDog120,Adversarial,DDV,train,400,"pretrain(resnet18,imagenet-1k)->transfer(SDog120,0.1)",0.2452385410433635,"train(resnet18,SDog120)->prune(0.2)"
SDog120,Adversarial,DDV,train,400,"pretrain(resnet18,imagenet-1k)->transfer(SDog120,0.1)",0.24389385199174285,"train(resnet18,SDog120)->prune(0.5)"
SDog120,Adversarial,DDV,train,400,"pretrain(resnet18,imagenet-1k)->transfer(SDog120,0.1)",0.22399297903757542,"train(resnet18,SDog120)->prune(0.8)"
SDog120,Adversarial,DDV,train,400,"pretrain(resnet18,imagenet-1k)->transfer(SDog120,0.1)",0.23931293899659067,"train(resnet18,SDog120)->steal(mbnetv2)"
SDog120,Adversarial,DDV,train,400,"pretrain(resnet18,imagenet-1k)->transfer(SDog120,0.1)",0.2451342010172084,"train(resnet18,SDog120)->steal(resnet18)"
SDog120,Adversarial,DDV,train,400,"pretrain(resnet18,imagenet-1k)->transfer(SDog120,0.1)",0.24444760393816978,"train(resnet18,SDog120)->distill()"
SDog120,Adversarial,DDV,train,400,"pretrain(resnet18,imagenet-1k)->transfer(SDog120,0.5)",0.23155980999581516,
SDog120,Adversarial,DDV,train,400,"pretrain(resnet18,imagenet-1k)->transfer(SDog120,0.5)",0.230336025939323,"pretrain(mbnetv2,imagenet-1k)->transfer(SDog120,0.1)"
SDog120,Adversarial,DDV,train,400,"pretrain(resnet18,imagenet-1k)->transfer(SDog120,0.5)",0.2606147750047967,"pretrain(mbnetv2,imagenet-1k)->transfer(SDog120,0.1)->prune(0.2)"
SDog120,Adversarial,DDV,train,400,"pretrain(resnet18,imagenet-1k)->transfer(SDog120,0.5)",0.2585394970374182,"pretrain(mbnetv2,imagenet-1k)->transfer(SDog120,0.1)->prune(0.5)"
SDog120,Adversarial,DDV,train,400,"pretrain(resnet18,imagenet-1k)->transfer(SDog120,0.5)",0.2606791169382632,"pretrain(mbnetv2,imagenet-1k)->transfer(SDog120,0.1)->prune(0.8)"
SDog120,Adversarial,DDV,train,400,"pretrain(resnet18,imagenet-1k)->transfer(SDog120,0.5)",2.228846966056153,"pretrain(mbnetv2,imagenet-1k)->transfer(SDog120,0.1)->quantize(float16)"
SDog120,Adversarial,DDV,train,400,"pretrain(resnet18,imagenet-1k)->transfer(SDog120,0.5)",2.2164798830635846,"pretrain(mbnetv2,imagenet-1k)->transfer(SDog120,0.1)->quantize(qint8)"
SDog120,Adversarial,DDV,train,400,"pretrain(resnet18,imagenet-1k)->transfer(SDog120,0.5)",0.25901023496408015,"pretrain(mbnetv2,imagenet-1k)->transfer(SDog120,0.1)->steal(mbnetv2)"
SDog120,Adversarial,DDV,train,400,"pretrain(resnet18,imagenet-1k)->transfer(SDog120,0.5)",0.22457592200953513,"pretrain(mbnetv2,imagenet-1k)->transfer(SDog120,0.1)->steal(resnet18)"
SDog120,Adversarial,DDV,train,400,"pretrain(resnet18,imagenet-1k)->transfer(SDog120,0.5)",0.2587892839219421,"pretrain(mbnetv2,imagenet-1k)->transfer(SDog120,0.1)->distill()"
SDog120,Adversarial,DDV,train,400,"pretrain(resnet18,imagenet-1k)->transfer(SDog120,0.5)",0.26140949793625623,"pretrain(mbnetv2,imagenet-1k)->transfer(SDog120,0.5)"
SDog120,Adversarial,DDV,train,400,"pretrain(resnet18,imagenet-1k)->transfer(SDog120,0.5)",0.2592305779689923,"pretrain(mbnetv2,imagenet-1k)->transfer(SDog120,0.5)->prune(0.2)"
SDog120,Adversarial,DDV,train,400,"pretrain(resnet18,imagenet-1k)->transfer(SDog120,0.5)",0.26104629097972065,"pretrain(mbnetv2,imagenet-1k)->transfer(SDog120,0.5)->prune(0.5)"
SDog120,Adversarial,DDV,train,400,"pretrain(resnet18,imagenet-1k)->transfer(SDog120,0.5)",0.259020734927617,"pretrain(mbnetv2,imagenet-1k)->transfer(SDog120,0.5)->prune(0.8)"
SDog120,Adversarial,DDV,train,400,"pretrain(resnet18,imagenet-1k)->transfer(SDog120,0.5)",2.3043162130052224,"pretrain(mbnetv2,imagenet-1k)->transfer(SDog120,0.5)->quantize(float16)"
SDog120,Adversarial,DDV,train,400,"pretrain(resnet18,imagenet-1k)->transfer(SDog120,0.5)",2.318513995036483,"pretrain(mbnetv2,imagenet-1k)->transfer(SDog120,0.5)->quantize(qint8)"
SDog120,Adversarial,DDV,train,400,"pretrain(resnet18,imagenet-1k)->transfer(SDog120,0.5)",0.2497912310063839,"pretrain(mbnetv2,imagenet-1k)->transfer(SDog120,0.5)->steal(mbnetv2)"
SDog120,Adversarial,DDV,train,400,"pretrain(resnet18,imagenet-1k)->transfer(SDog120,0.5)",0.22603584500029683,"pretrain(mbnetv2,imagenet-1k)->transfer(SDog120,0.5)->steal(resnet18)"
SDog120,Adversarial,DDV,train,400,"pretrain(resnet18,imagenet-1k)->transfer(SDog120,0.5)",0.2618712750263512,"pretrain(mbnetv2,imagenet-1k)->transfer(SDog120,0.5)->distill()"
SDog120,Adversarial,DDV,train,400,"pretrain(resnet18,imagenet-1k)->transfer(SDog120,0.5)",0.26136679691262543,"pretrain(mbnetv2,imagenet-1k)->transfer(SDog120,1.0)"
SDog120,Adversarial,DDV,train,400,"pretrain(resnet18,imagenet-1k)->transfer(SDog120,0.5)",0.2598979689646512,"pretrain(mbnetv2,imagenet-1k)->transfer(SDog120,1.0)->prune(0.2)"
SDog120,Adversarial,DDV,train,400,"pretrain(resnet18,imagenet-1k)->transfer(SDog120,0.5)",0.2645909049315378,"pretrain(mbnetv2,imagenet-1k)->transfer(SDog120,1.0)->prune(0.5)"
SDog120,Adversarial,DDV,train,400,"pretrain(resnet18,imagenet-1k)->transfer(SDog120,0.5)",0.2595541909104213,"pretrain(mbnetv2,imagenet-1k)->transfer(SDog120,1.0)->prune(0.8)"
SDog120,Adversarial,DDV,train,400,"pretrain(resnet18,imagenet-1k)->transfer(SDog120,0.5)",2.2992667290382087,"pretrain(mbnetv2,imagenet-1k)->transfer(SDog120,1.0)->quantize(float16)"
SDog120,Adversarial,DDV,train,400,"pretrain(resnet18,imagenet-1k)->transfer(SDog120,0.5)",2.3100074329413474,"pretrain(mbnetv2,imagenet-1k)->transfer(SDog120,1.0)->quantize(qint8)"
SDog120,Adversarial,DDV,train,400,"pretrain(resnet18,imagenet-1k)->transfer(SDog120,0.5)",0.26008054008707404,"pretrain(mbnetv2,imagenet-1k)->transfer(SDog120,1.0)->steal(mbnetv2)"
SDog120,Adversarial,DDV,train,400,"pretrain(resnet18,imagenet-1k)->transfer(SDog120,0.5)",0.21399887197185308,"pretrain(mbnetv2,imagenet-1k)->transfer(SDog120,1.0)->steal(resnet18)"
SDog120,Adversarial,DDV,train,400,"pretrain(resnet18,imagenet-1k)->transfer(SDog120,0.5)",0.25390048197004944,"pretrain(mbnetv2,imagenet-1k)->transfer(SDog120,1.0)->distill()"
SDog120,Adversarial,DDV,train,400,"pretrain(resnet18,imagenet-1k)->transfer(SDog120,0.5)",0.2141971120145172,"pretrain(resnet18,imagenet-1k)->transfer(SDog120,0.1)"
SDog120,Adversarial,DDV,train,400,"pretrain(resnet18,imagenet-1k)->transfer(SDog120,0.5)",0.24618569493759423,"pretrain(resnet18,imagenet-1k)->transfer(SDog120,0.1)->prune(0.2)"
SDog120,Adversarial,DDV,train,400,"pretrain(resnet18,imagenet-1k)->transfer(SDog120,0.5)",0.24436009395867586,"pretrain(resnet18,imagenet-1k)->transfer(SDog120,0.1)->prune(0.5)"
SDog120,Adversarial,DDV,train,400,"pretrain(resnet18,imagenet-1k)->transfer(SDog120,0.5)",0.24642621399834752,"pretrain(resnet18,imagenet-1k)->transfer(SDog120,0.1)->prune(0.8)"
SDog120,Adversarial,DDV,train,400,"pretrain(resnet18,imagenet-1k)->transfer(SDog120,0.5)",2.2379915000637993,"pretrain(resnet18,imagenet-1k)->transfer(SDog120,0.1)->quantize(float16)"
SDog120,Adversarial,DDV,train,400,"pretrain(resnet18,imagenet-1k)->transfer(SDog120,0.5)",2.263576905010268,"pretrain(resnet18,imagenet-1k)->transfer(SDog120,0.1)->quantize(qint8)"
SDog120,Adversarial,DDV,train,400,"pretrain(resnet18,imagenet-1k)->transfer(SDog120,0.5)",0.26001263002399355,"pretrain(resnet18,imagenet-1k)->transfer(SDog120,0.1)->steal(mbnetv2)"
SDog120,Adversarial,DDV,train,400,"pretrain(resnet18,imagenet-1k)->transfer(SDog120,0.5)",0.22412352496758103,"pretrain(resnet18,imagenet-1k)->transfer(SDog120,0.1)->steal(resnet18)"
SDog120,Adversarial,DDV,train,400,"pretrain(resnet18,imagenet-1k)->transfer(SDog120,0.5)",0.2318300149636343,"pretrain(resnet18,imagenet-1k)->transfer(SDog120,0.1)->distill()"
SDog120,Adversarial,DDV,train,400,"pretrain(resnet18,imagenet-1k)->transfer(SDog120,0.5)",0.24501750897616148,"pretrain(resnet18,imagenet-1k)->transfer(SDog120,0.5)"
SDog120,Adversarial,DDV,train,400,"pretrain(resnet18,imagenet-1k)->transfer(SDog120,0.5)",0.2457921039313078,"pretrain(resnet18,imagenet-1k)->transfer(SDog120,0.5)->prune(0.2)"
SDog120,Adversarial,DDV,train,400,"pretrain(resnet18,imagenet-1k)->transfer(SDog120,0.5)",0.24425147997681051,"pretrain(resnet18,imagenet-1k)->transfer(SDog120,0.5)->prune(0.5)"
SDog120,Adversarial,DDV,train,400,"pretrain(resnet18,imagenet-1k)->transfer(SDog120,0.5)",0.24571978696621954,"pretrain(resnet18,imagenet-1k)->transfer(SDog120,0.5)->prune(0.8)"
SDog120,Adversarial,DDV,train,400,"pretrain(resnet18,imagenet-1k)->transfer(SDog120,0.5)",2.249508987995796,"pretrain(resnet18,imagenet-1k)->transfer(SDog120,0.5)->quantize(float16)"
SDog120,Adversarial,DDV,train,400,"pretrain(resnet18,imagenet-1k)->transfer(SDog120,0.5)",2.2254153590183705,"pretrain(resnet18,imagenet-1k)->transfer(SDog120,0.5)->quantize(qint8)"
SDog120,Adversarial,DDV,train,400,"pretrain(resnet18,imagenet-1k)->transfer(SDog120,0.5)",0.2587253829697147,"pretrain(resnet18,imagenet-1k)->transfer(SDog120,0.5)->steal(mbnetv2)"
SDog120,Adversarial,DDV,train,400,"pretrain(resnet18,imagenet-1k)->transfer(SDog120,0.5)",0.21398766699712723,"pretrain(resnet18,imagenet-1k)->transfer(SDog120,0.5)->steal(resnet18)"
SDog120,Adversarial,DDV,train,400,"pretrain(resnet18,imagenet-1k)->transfer(SDog120,0.5)",0.24575780797749758,"pretrain(resnet18,imagenet-1k)->transfer(SDog120,0.5)->distill()"
SDog120,Adversarial,DDV,train,400,"pretrain(resnet18,imagenet-1k)->transfer(SDog120,0.5)",0.24424401891883463,"pretrain(resnet18,imagenet-1k)->transfer(SDog120,1.0)"
SDog120,Adversarial,DDV,train,400,"pretrain(resnet18,imagenet-1k)->transfer(SDog120,0.5)",0.24590604892000556,"pretrain(resnet18,imagenet-1k)->transfer(SDog120,1.0)->prune(0.2)"
SDog120,Adversarial,DDV,train,400,"pretrain(resnet18,imagenet-1k)->transfer(SDog120,0.5)",0.24373630399350077,"pretrain(resnet18,imagenet-1k)->transfer(SDog120,1.0)->prune(0.5)"
SDog120,Adversarial,DDV,train,400,"pretrain(resnet18,imagenet-1k)->transfer(SDog120,0.5)",0.24456478899810463,"pretrain(resnet18,imagenet-1k)->transfer(SDog120,1.0)->prune(0.8)"
SDog120,Adversarial,DDV,train,400,"pretrain(resnet18,imagenet-1k)->transfer(SDog120,0.5)",2.2690025119809434,"pretrain(resnet18,imagenet-1k)->transfer(SDog120,1.0)->quantize(float16)"
SDog120,Adversarial,DDV,train,400,"pretrain(resnet18,imagenet-1k)->transfer(SDog120,0.5)",2.249343197909184,"pretrain(resnet18,imagenet-1k)->transfer(SDog120,1.0)->quantize(qint8)"
SDog120,Adversarial,DDV,train,400,"pretrain(resnet18,imagenet-1k)->transfer(SDog120,0.5)",0.26071662502363324,"pretrain(resnet18,imagenet-1k)->transfer(SDog120,1.0)->steal(mbnetv2)"
SDog120,Adversarial,DDV,train,400,"pretrain(resnet18,imagenet-1k)->transfer(SDog120,0.5)",0.23977555497549474,"pretrain(resnet18,imagenet-1k)->transfer(SDog120,1.0)->steal(resnet18)"
SDog120,Adversarial,DDV,train,400,"pretrain(resnet18,imagenet-1k)->transfer(SDog120,0.5)",0.24484790896531194,"pretrain(resnet18,imagenet-1k)->transfer(SDog120,1.0)->distill()"
SDog120,Adversarial,DDV,train,400,"pretrain(resnet18,imagenet-1k)->transfer(SDog120,0.5)",0.2592151529388502,"train(mbnetv2,SDog120)"
SDog120,Adversarial,DDV,train,400,"pretrain(resnet18,imagenet-1k)->transfer(SDog120,0.5)",0.2608934569871053,"train(mbnetv2,SDog120)->prune(0.2)"
SDog120,Adversarial,DDV,train,400,"pretrain(resnet18,imagenet-1k)->transfer(SDog120,0.5)",0.25885529490187764,"train(mbnetv2,SDog120)->prune(0.5)"
SDog120,Adversarial,DDV,train,400,"pretrain(resnet18,imagenet-1k)->transfer(SDog120,0.5)",0.2610684878891334,"train(mbnetv2,SDog120)->prune(0.8)"
SDog120,Adversarial,DDV,train,400,"pretrain(resnet18,imagenet-1k)->transfer(SDog120,0.5)",0.26062743400689214,"train(mbnetv2,SDog120)->steal(mbnetv2)"
SDog120,Adversarial,DDV,train,400,"pretrain(resnet18,imagenet-1k)->transfer(SDog120,0.5)",0.20192404696717858,"train(mbnetv2,SDog120)->steal(resnet18)"
SDog120,Adversarial,DDV,train,400,"pretrain(resnet18,imagenet-1k)->transfer(SDog120,0.5)",0.2499526720494032,"train(mbnetv2,SDog120)->distill()"
SDog120,Adversarial,DDV,train,400,"pretrain(resnet18,imagenet-1k)->transfer(SDog120,0.5)",0.24499813304282725,"train(resnet18,SDog120)"
SDog120,Adversarial,DDV,train,400,"pretrain(resnet18,imagenet-1k)->transfer(SDog120,0.5)",0.2434242640156299,"train(resnet18,SDog120)->prune(0.2)"
SDog120,Adversarial,DDV,train,400,"pretrain(resnet18,imagenet-1k)->transfer(SDog120,0.5)",0.2440182340797037,"train(resnet18,SDog120)->prune(0.5)"
SDog120,Adversarial,DDV,train,400,"pretrain(resnet18,imagenet-1k)->transfer(SDog120,0.5)",0.24544608499854803,"train(resnet18,SDog120)->prune(0.8)"
SDog120,Adversarial,DDV,train,400,"pretrain(resnet18,imagenet-1k)->transfer(SDog120,0.5)",0.2584351709811017,"train(resnet18,SDog120)->steal(mbnetv2)"
SDog120,Adversarial,DDV,train,400,"pretrain(resnet18,imagenet-1k)->transfer(SDog120,0.5)",0.2249639000510797,"train(resnet18,SDog120)->steal(resnet18)"
SDog120,Adversarial,DDV,train,400,"pretrain(resnet18,imagenet-1k)->transfer(SDog120,0.5)",0.24547986593097448,"train(resnet18,SDog120)->distill()"
SDog120,Adversarial,DDV,train,400,"pretrain(resnet18,imagenet-1k)->transfer(SDog120,1.0)",0.24443666206207126,
SDog120,Adversarial,DDV,train,400,"pretrain(resnet18,imagenet-1k)->transfer(SDog120,1.0)",0.2585908909095451,"pretrain(mbnetv2,imagenet-1k)->transfer(SDog120,0.1)"
SDog120,Adversarial,DDV,train,400,"pretrain(resnet18,imagenet-1k)->transfer(SDog120,1.0)",0.25883760990109295,"pretrain(mbnetv2,imagenet-1k)->transfer(SDog120,0.1)->prune(0.2)"
SDog120,Adversarial,DDV,train,400,"pretrain(resnet18,imagenet-1k)->transfer(SDog120,1.0)",0.25839917501434684,"pretrain(mbnetv2,imagenet-1k)->transfer(SDog120,0.1)->prune(0.5)"
SDog120,Adversarial,DDV,train,400,"pretrain(resnet18,imagenet-1k)->transfer(SDog120,1.0)",0.25880753598175943,"pretrain(mbnetv2,imagenet-1k)->transfer(SDog120,0.1)->prune(0.8)"
SDog120,Adversarial,DDV,train,400,"pretrain(resnet18,imagenet-1k)->transfer(SDog120,1.0)",2.219577369047329,"pretrain(mbnetv2,imagenet-1k)->transfer(SDog120,0.1)->quantize(float16)"
SDog120,Adversarial,DDV,train,400,"pretrain(resnet18,imagenet-1k)->transfer(SDog120,1.0)",2.2113907469902188,"pretrain(mbnetv2,imagenet-1k)->transfer(SDog120,0.1)->quantize(qint8)"
SDog120,Adversarial,DDV,train,400,"pretrain(resnet18,imagenet-1k)->transfer(SDog120,1.0)",0.2655565879540518,"pretrain(mbnetv2,imagenet-1k)->transfer(SDog120,0.1)->steal(mbnetv2)"
SDog120,Adversarial,DDV,train,400,"pretrain(resnet18,imagenet-1k)->transfer(SDog120,1.0)",0.24611999897751957,"pretrain(mbnetv2,imagenet-1k)->transfer(SDog120,0.1)->steal(resnet18)"
SDog120,Adversarial,DDV,train,400,"pretrain(resnet18,imagenet-1k)->transfer(SDog120,1.0)",0.25879243097733706,"pretrain(mbnetv2,imagenet-1k)->transfer(SDog120,0.1)->distill()"
SDog120,Adversarial,DDV,train,400,"pretrain(resnet18,imagenet-1k)->transfer(SDog120,1.0)",0.259230688912794,"pretrain(mbnetv2,imagenet-1k)->transfer(SDog120,0.5)"
SDog120,Adversarial,DDV,train,400,"pretrain(resnet18,imagenet-1k)->transfer(SDog120,1.0)",0.2642254789825529,"pretrain(mbnetv2,imagenet-1k)->transfer(SDog120,0.5)->prune(0.2)"
SDog120,Adversarial,DDV,train,400,"pretrain(resnet18,imagenet-1k)->transfer(SDog120,1.0)",0.25885336904320866,"pretrain(mbnetv2,imagenet-1k)->transfer(SDog120,0.5)->prune(0.5)"
SDog120,Adversarial,DDV,train,400,"pretrain(resnet18,imagenet-1k)->transfer(SDog120,1.0)",0.25881634489633143,"pretrain(mbnetv2,imagenet-1k)->transfer(SDog120,0.5)->prune(0.8)"
SDog120,Adversarial,DDV,train,400,"pretrain(resnet18,imagenet-1k)->transfer(SDog120,1.0)",2.217182972934097,"pretrain(mbnetv2,imagenet-1k)->transfer(SDog120,0.5)->quantize(float16)"
SDog120,Adversarial,DDV,train,400,"pretrain(resnet18,imagenet-1k)->transfer(SDog120,1.0)",2.2155120610259473,"pretrain(mbnetv2,imagenet-1k)->transfer(SDog120,0.5)->quantize(qint8)"
SDog120,Adversarial,DDV,train,400,"pretrain(resnet18,imagenet-1k)->transfer(SDog120,1.0)",0.2598833590745926,"pretrain(mbnetv2,imagenet-1k)->transfer(SDog120,0.5)->steal(mbnetv2)"
SDog120,Adversarial,DDV,train,400,"pretrain(resnet18,imagenet-1k)->transfer(SDog120,1.0)",0.24405308300629258,"pretrain(mbnetv2,imagenet-1k)->transfer(SDog120,0.5)->steal(resnet18)"
SDog120,Adversarial,DDV,train,400,"pretrain(resnet18,imagenet-1k)->transfer(SDog120,1.0)",0.2601037030108273,"pretrain(mbnetv2,imagenet-1k)->transfer(SDog120,0.5)->distill()"
SDog120,Adversarial,DDV,train,400,"pretrain(resnet18,imagenet-1k)->transfer(SDog120,1.0)",0.2595978929894045,"pretrain(mbnetv2,imagenet-1k)->transfer(SDog120,1.0)"
SDog120,Adversarial,DDV,train,400,"pretrain(resnet18,imagenet-1k)->transfer(SDog120,1.0)",0.2596785189816728,"pretrain(mbnetv2,imagenet-1k)->transfer(SDog120,1.0)->prune(0.2)"
SDog120,Adversarial,DDV,train,400,"pretrain(resnet18,imagenet-1k)->transfer(SDog120,1.0)",0.25925921695306897,"pretrain(mbnetv2,imagenet-1k)->transfer(SDog120,1.0)->prune(0.5)"
SDog120,Adversarial,DDV,train,400,"pretrain(resnet18,imagenet-1k)->transfer(SDog120,1.0)",0.2592466939240694,"pretrain(mbnetv2,imagenet-1k)->transfer(SDog120,1.0)->prune(0.8)"
SDog120,Adversarial,DDV,train,400,"pretrain(resnet18,imagenet-1k)->transfer(SDog120,1.0)",2.2183742970228195,"pretrain(mbnetv2,imagenet-1k)->transfer(SDog120,1.0)->quantize(float16)"
SDog120,Adversarial,DDV,train,400,"pretrain(resnet18,imagenet-1k)->transfer(SDog120,1.0)",2.224555978900753,"pretrain(mbnetv2,imagenet-1k)->transfer(SDog120,1.0)->quantize(qint8)"
SDog120,Adversarial,DDV,train,400,"pretrain(resnet18,imagenet-1k)->transfer(SDog120,1.0)",0.26064037706237286,"pretrain(mbnetv2,imagenet-1k)->transfer(SDog120,1.0)->steal(mbnetv2)"
SDog120,Adversarial,DDV,train,400,"pretrain(resnet18,imagenet-1k)->transfer(SDog120,1.0)",0.24440893298014998,"pretrain(mbnetv2,imagenet-1k)->transfer(SDog120,1.0)->steal(resnet18)"
SDog120,Adversarial,DDV,train,400,"pretrain(resnet18,imagenet-1k)->transfer(SDog120,1.0)",0.2596108120633289,"pretrain(mbnetv2,imagenet-1k)->transfer(SDog120,1.0)->distill()"
SDog120,Adversarial,DDV,train,400,"pretrain(resnet18,imagenet-1k)->transfer(SDog120,1.0)",0.24444824794773012,"pretrain(resnet18,imagenet-1k)->transfer(SDog120,0.1)"
SDog120,Adversarial,DDV,train,400,"pretrain(resnet18,imagenet-1k)->transfer(SDog120,1.0)",0.24477457790635526,"pretrain(resnet18,imagenet-1k)->transfer(SDog120,0.1)->prune(0.2)"
SDog120,Adversarial,DDV,train,400,"pretrain(resnet18,imagenet-1k)->transfer(SDog120,1.0)",0.24394150206353515,"pretrain(resnet18,imagenet-1k)->transfer(SDog120,0.1)->prune(0.5)"
SDog120,Adversarial,DDV,train,400,"pretrain(resnet18,imagenet-1k)->transfer(SDog120,1.0)",0.24433863104786724,"pretrain(resnet18,imagenet-1k)->transfer(SDog120,0.1)->prune(0.8)"
SDog120,Adversarial,DDV,train,400,"pretrain(resnet18,imagenet-1k)->transfer(SDog120,1.0)",2.242185378097929,"pretrain(resnet18,imagenet-1k)->transfer(SDog120,0.1)->quantize(float16)"
SDog120,Adversarial,DDV,train,400,"pretrain(resnet18,imagenet-1k)->transfer(SDog120,1.0)",2.2488469950621948,"pretrain(resnet18,imagenet-1k)->transfer(SDog120,0.1)->quantize(qint8)"
SDog120,Adversarial,DDV,train,400,"pretrain(resnet18,imagenet-1k)->transfer(SDog120,1.0)",0.2600136729888618,"pretrain(resnet18,imagenet-1k)->transfer(SDog120,0.1)->steal(mbnetv2)"
SDog120,Adversarial,DDV,train,400,"pretrain(resnet18,imagenet-1k)->transfer(SDog120,1.0)",0.24410383100621402,"pretrain(resnet18,imagenet-1k)->transfer(SDog120,0.1)->steal(resnet18)"
SDog120,Adversarial,DDV,train,400,"pretrain(resnet18,imagenet-1k)->transfer(SDog120,1.0)",0.24459753709379584,"pretrain(resnet18,imagenet-1k)->transfer(SDog120,0.1)->distill()"
SDog120,Adversarial,DDV,train,400,"pretrain(resnet18,imagenet-1k)->transfer(SDog120,1.0)",0.2440654430538416,"pretrain(resnet18,imagenet-1k)->transfer(SDog120,0.5)"
SDog120,Adversarial,DDV,train,400,"pretrain(resnet18,imagenet-1k)->transfer(SDog120,1.0)",0.24436736095231026,"pretrain(resnet18,imagenet-1k)->transfer(SDog120,0.5)->prune(0.2)"
SDog120,Adversarial,DDV,train,400,"pretrain(resnet18,imagenet-1k)->transfer(SDog120,1.0)",0.2439364930614829,"pretrain(resnet18,imagenet-1k)->transfer(SDog120,0.5)->prune(0.5)"
SDog120,Adversarial,DDV,train,400,"pretrain(resnet18,imagenet-1k)->transfer(SDog120,1.0)",0.24459474300965667,"pretrain(resnet18,imagenet-1k)->transfer(SDog120,0.5)->prune(0.8)"
SDog120,Adversarial,DDV,train,400,"pretrain(resnet18,imagenet-1k)->transfer(SDog120,1.0)",2.244047179003246,"pretrain(resnet18,imagenet-1k)->transfer(SDog120,0.5)->quantize(float16)"
SDog120,Adversarial,DDV,train,400,"pretrain(resnet18,imagenet-1k)->transfer(SDog120,1.0)",2.255961828981526,"pretrain(resnet18,imagenet-1k)->transfer(SDog120,0.5)->quantize(qint8)"
SDog120,Adversarial,DDV,train,400,"pretrain(resnet18,imagenet-1k)->transfer(SDog120,1.0)",0.25870544591452926,"pretrain(resnet18,imagenet-1k)->transfer(SDog120,0.5)->steal(mbnetv2)"
SDog120,Adversarial,DDV,train,400,"pretrain(resnet18,imagenet-1k)->transfer(SDog120,1.0)",0.24368731398135424,"pretrain(resnet18,imagenet-1k)->transfer(SDog120,0.5)->steal(resnet18)"
SDog120,Adversarial,DDV,train,400,"pretrain(resnet18,imagenet-1k)->transfer(SDog120,1.0)",0.24366971105337143,"pretrain(resnet18,imagenet-1k)->transfer(SDog120,0.5)->distill()"
SDog120,Adversarial,DDV,train,400,"pretrain(resnet18,imagenet-1k)->transfer(SDog120,1.0)",0.2437789689283818,"pretrain(resnet18,imagenet-1k)->transfer(SDog120,1.0)"
SDog120,Adversarial,DDV,train,400,"pretrain(resnet18,imagenet-1k)->transfer(SDog120,1.0)",0.24398409097921103,"pretrain(resnet18,imagenet-1k)->transfer(SDog120,1.0)->prune(0.2)"
SDog120,Adversarial,DDV,train,400,"pretrain(resnet18,imagenet-1k)->transfer(SDog120,1.0)",0.24348417797591537,"pretrain(resnet18,imagenet-1k)->transfer(SDog120,1.0)->prune(0.5)"
SDog120,Adversarial,DDV,train,400,"pretrain(resnet18,imagenet-1k)->transfer(SDog120,1.0)",0.24397906998638064,"pretrain(resnet18,imagenet-1k)->transfer(SDog120,1.0)->prune(0.8)"
SDog120,Adversarial,DDV,train,400,"pretrain(resnet18,imagenet-1k)->transfer(SDog120,1.0)",2.2357742089079693,"pretrain(resnet18,imagenet-1k)->transfer(SDog120,1.0)->quantize(float16)"
SDog120,Adversarial,DDV,train,400,"pretrain(resnet18,imagenet-1k)->transfer(SDog120,1.0)",2.2426454030210152,"pretrain(resnet18,imagenet-1k)->transfer(SDog120,1.0)->quantize(qint8)"
SDog120,Adversarial,DDV,train,400,"pretrain(resnet18,imagenet-1k)->transfer(SDog120,1.0)",0.25866256502922624,"pretrain(resnet18,imagenet-1k)->transfer(SDog120,1.0)->steal(mbnetv2)"
SDog120,Adversarial,DDV,train,400,"pretrain(resnet18,imagenet-1k)->transfer(SDog120,1.0)",0.2440617970423773,"pretrain(resnet18,imagenet-1k)->transfer(SDog120,1.0)->steal(resnet18)"
SDog120,Adversarial,DDV,train,400,"pretrain(resnet18,imagenet-1k)->transfer(SDog120,1.0)",0.24396505299955606,"pretrain(resnet18,imagenet-1k)->transfer(SDog120,1.0)->distill()"
SDog120,Adversarial,DDV,train,400,"pretrain(resnet18,imagenet-1k)->transfer(SDog120,1.0)",0.25891255598980933,"train(mbnetv2,SDog120)"
SDog120,Adversarial,DDV,train,400,"pretrain(resnet18,imagenet-1k)->transfer(SDog120,1.0)",0.2589525379007682,"train(mbnetv2,SDog120)->prune(0.2)"
SDog120,Adversarial,DDV,train,400,"pretrain(resnet18,imagenet-1k)->transfer(SDog120,1.0)",0.259011237998493,"train(mbnetv2,SDog120)->prune(0.5)"
SDog120,Adversarial,DDV,train,400,"pretrain(resnet18,imagenet-1k)->transfer(SDog120,1.0)",0.2589086910011247,"train(mbnetv2,SDog120)->prune(0.8)"
SDog120,Adversarial,DDV,train,400,"pretrain(resnet18,imagenet-1k)->transfer(SDog120,1.0)",0.2589142849901691,"train(mbnetv2,SDog120)->steal(mbnetv2)"
SDog120,Adversarial,DDV,train,400,"pretrain(resnet18,imagenet-1k)->transfer(SDog120,1.0)",0.24367313808761537,"train(mbnetv2,SDog120)->steal(resnet18)"
SDog120,Adversarial,DDV,train,400,"pretrain(resnet18,imagenet-1k)->transfer(SDog120,1.0)",0.2589310349430889,"train(mbnetv2,SDog120)->distill()"
SDog120,Adversarial,DDV,train,400,"pretrain(resnet18,imagenet-1k)->transfer(SDog120,1.0)",0.2438381250249222,"train(resnet18,SDog120)"
SDog120,Adversarial,DDV,train,400,"pretrain(resnet18,imagenet-1k)->transfer(SDog120,1.0)",0.2442330620251596,"train(resnet18,SDog120)->prune(0.2)"
SDog120,Adversarial,DDV,train,400,"pretrain(resnet18,imagenet-1k)->transfer(SDog120,1.0)",0.24370726791676134,"train(resnet18,SDog120)->prune(0.5)"
SDog120,Adversarial,DDV,train,400,"pretrain(resnet18,imagenet-1k)->transfer(SDog120,1.0)",0.2433779570274055,"train(resnet18,SDog120)->prune(0.8)"
SDog120,Adversarial,DDV,train,400,"pretrain(resnet18,imagenet-1k)->transfer(SDog120,1.0)",0.2583801690489054,"train(resnet18,SDog120)->steal(mbnetv2)"
SDog120,Adversarial,DDV,train,400,"pretrain(resnet18,imagenet-1k)->transfer(SDog120,1.0)",0.24358682706952095,"train(resnet18,SDog120)->steal(resnet18)"
SDog120,Adversarial,DDV,train,400,"pretrain(resnet18,imagenet-1k)->transfer(SDog120,1.0)",0.2443802049383521,"train(resnet18,SDog120)->distill()"
SDog120,Adversarial,DDV,train,400,"train(mbnetv2,SDog120)",0.255981442052871,
SDog120,Adversarial,DDV,train,400,"train(mbnetv2,SDog120)",0.25920625403523445,"pretrain(mbnetv2,imagenet-1k)->transfer(SDog120,0.1)"
SDog120,Adversarial,DDV,train,400,"train(mbnetv2,SDog120)",0.2591779400827363,"pretrain(mbnetv2,imagenet-1k)->transfer(SDog120,0.1)->prune(0.2)"
SDog120,Adversarial,DDV,train,400,"train(mbnetv2,SDog120)",0.2589598490158096,"pretrain(mbnetv2,imagenet-1k)->transfer(SDog120,0.1)->prune(0.5)"
SDog120,Adversarial,DDV,train,400,"train(mbnetv2,SDog120)",0.2587197369430214,"pretrain(mbnetv2,imagenet-1k)->transfer(SDog120,0.1)->prune(0.8)"
SDog120,Adversarial,DDV,train,400,"train(mbnetv2,SDog120)",2.341793909901753,"pretrain(mbnetv2,imagenet-1k)->transfer(SDog120,0.1)->quantize(float16)"
SDog120,Adversarial,DDV,train,400,"train(mbnetv2,SDog120)",2.2970848419936374,"pretrain(mbnetv2,imagenet-1k)->transfer(SDog120,0.1)->quantize(qint8)"
SDog120,Adversarial,DDV,train,400,"train(mbnetv2,SDog120)",0.26111372804734856,"pretrain(mbnetv2,imagenet-1k)->transfer(SDog120,0.1)->steal(mbnetv2)"
SDog120,Adversarial,DDV,train,400,"train(mbnetv2,SDog120)",0.24789817701093853,"pretrain(mbnetv2,imagenet-1k)->transfer(SDog120,0.1)->steal(resnet18)"
SDog120,Adversarial,DDV,train,400,"train(mbnetv2,SDog120)",0.2608765510376543,"pretrain(mbnetv2,imagenet-1k)->transfer(SDog120,0.1)->distill()"
SDog120,Adversarial,DDV,train,400,"train(mbnetv2,SDog120)",0.22441696701571345,"pretrain(mbnetv2,imagenet-1k)->transfer(SDog120,0.5)"
SDog120,Adversarial,DDV,train,400,"train(mbnetv2,SDog120)",0.2612085040891543,"pretrain(mbnetv2,imagenet-1k)->transfer(SDog120,0.5)->prune(0.2)"
SDog120,Adversarial,DDV,train,400,"train(mbnetv2,SDog120)",0.26096900401171297,"pretrain(mbnetv2,imagenet-1k)->transfer(SDog120,0.5)->prune(0.5)"
SDog120,Adversarial,DDV,train,400,"train(mbnetv2,SDog120)",0.2586721229599789,"pretrain(mbnetv2,imagenet-1k)->transfer(SDog120,0.5)->prune(0.8)"
SDog120,Adversarial,DDV,train,400,"train(mbnetv2,SDog120)",2.2938907630741596,"pretrain(mbnetv2,imagenet-1k)->transfer(SDog120,0.5)->quantize(float16)"
SDog120,Adversarial,DDV,train,400,"train(mbnetv2,SDog120)",2.3254760809941217,"pretrain(mbnetv2,imagenet-1k)->transfer(SDog120,0.5)->quantize(qint8)"
SDog120,Adversarial,DDV,train,400,"train(mbnetv2,SDog120)",0.2614503490040079,"pretrain(mbnetv2,imagenet-1k)->transfer(SDog120,0.5)->steal(mbnetv2)"
SDog120,Adversarial,DDV,train,400,"train(mbnetv2,SDog120)",0.2444720281055197,"pretrain(mbnetv2,imagenet-1k)->transfer(SDog120,0.5)->steal(resnet18)"
SDog120,Adversarial,DDV,train,400,"train(mbnetv2,SDog120)",0.2405404259916395,"pretrain(mbnetv2,imagenet-1k)->transfer(SDog120,0.5)->distill()"
SDog120,Adversarial,DDV,train,400,"train(mbnetv2,SDog120)",0.2613322199322283,"pretrain(mbnetv2,imagenet-1k)->transfer(SDog120,1.0)"
SDog120,Adversarial,DDV,train,400,"train(mbnetv2,SDog120)",0.2593984690029174,"pretrain(mbnetv2,imagenet-1k)->transfer(SDog120,1.0)->prune(0.2)"
SDog120,Adversarial,DDV,train,400,"train(mbnetv2,SDog120)",0.26120769104454666,"pretrain(mbnetv2,imagenet-1k)->transfer(SDog120,1.0)->prune(0.5)"
SDog120,Adversarial,DDV,train,400,"train(mbnetv2,SDog120)",0.25931004097219557,"pretrain(mbnetv2,imagenet-1k)->transfer(SDog120,1.0)->prune(0.8)"
SDog120,Adversarial,DDV,train,400,"train(mbnetv2,SDog120)",2.3022033089073375,"pretrain(mbnetv2,imagenet-1k)->transfer(SDog120,1.0)->quantize(float16)"
SDog120,Adversarial,DDV,train,400,"train(mbnetv2,SDog120)",2.3041183669120073,"pretrain(mbnetv2,imagenet-1k)->transfer(SDog120,1.0)->quantize(qint8)"
SDog120,Adversarial,DDV,train,400,"train(mbnetv2,SDog120)",0.2508023480186239,"pretrain(mbnetv2,imagenet-1k)->transfer(SDog120,1.0)->steal(mbnetv2)"
SDog120,Adversarial,DDV,train,400,"train(mbnetv2,SDog120)",0.24584789690561593,"pretrain(mbnetv2,imagenet-1k)->transfer(SDog120,1.0)->steal(resnet18)"
SDog120,Adversarial,DDV,train,400,"train(mbnetv2,SDog120)",0.2618039899971336,"pretrain(mbnetv2,imagenet-1k)->transfer(SDog120,1.0)->distill()"
SDog120,Adversarial,DDV,train,400,"train(mbnetv2,SDog120)",0.24493627599440515,"pretrain(resnet18,imagenet-1k)->transfer(SDog120,0.1)"
SDog120,Adversarial,DDV,train,400,"train(mbnetv2,SDog120)",0.24498920200858265,"pretrain(resnet18,imagenet-1k)->transfer(SDog120,0.1)->prune(0.2)"
SDog120,Adversarial,DDV,train,400,"train(mbnetv2,SDog120)",0.2446931260637939,"pretrain(resnet18,imagenet-1k)->transfer(SDog120,0.1)->prune(0.5)"
SDog120,Adversarial,DDV,train,400,"train(mbnetv2,SDog120)",0.24451458593830466,"pretrain(resnet18,imagenet-1k)->transfer(SDog120,0.1)->prune(0.8)"
SDog120,Adversarial,DDV,train,400,"train(mbnetv2,SDog120)",2.2771071629831567,"pretrain(resnet18,imagenet-1k)->transfer(SDog120,0.1)->quantize(float16)"
SDog120,Adversarial,DDV,train,400,"train(mbnetv2,SDog120)",2.279212562018074,"pretrain(resnet18,imagenet-1k)->transfer(SDog120,0.1)->quantize(qint8)"
SDog120,Adversarial,DDV,train,400,"train(mbnetv2,SDog120)",0.25980333401821554,"pretrain(resnet18,imagenet-1k)->transfer(SDog120,0.1)->steal(mbnetv2)"
SDog120,Adversarial,DDV,train,400,"train(mbnetv2,SDog120)",0.24608753505162895,"pretrain(resnet18,imagenet-1k)->transfer(SDog120,0.1)->steal(resnet18)"
SDog120,Adversarial,DDV,train,400,"train(mbnetv2,SDog120)",0.2464520069770515,"pretrain(resnet18,imagenet-1k)->transfer(SDog120,0.1)->distill()"
SDog120,Adversarial,DDV,train,400,"train(mbnetv2,SDog120)",0.24587903509382159,"pretrain(resnet18,imagenet-1k)->transfer(SDog120,0.5)"
SDog120,Adversarial,DDV,train,400,"train(mbnetv2,SDog120)",0.2462423990946263,"pretrain(resnet18,imagenet-1k)->transfer(SDog120,0.5)->prune(0.2)"
SDog120,Adversarial,DDV,train,400,"train(mbnetv2,SDog120)",0.2466815379448235,"pretrain(resnet18,imagenet-1k)->transfer(SDog120,0.5)->prune(0.5)"
SDog120,Adversarial,DDV,train,400,"train(mbnetv2,SDog120)",0.24517831893172115,"pretrain(resnet18,imagenet-1k)->transfer(SDog120,0.5)->prune(0.8)"
SDog120,Adversarial,DDV,train,400,"train(mbnetv2,SDog120)",2.27178449195344,"pretrain(resnet18,imagenet-1k)->transfer(SDog120,0.5)->quantize(float16)"
SDog120,Adversarial,DDV,train,400,"train(mbnetv2,SDog120)",2.2686365719418973,"pretrain(resnet18,imagenet-1k)->transfer(SDog120,0.5)->quantize(qint8)"
SDog120,Adversarial,DDV,train,400,"train(mbnetv2,SDog120)",0.25896931800525635,"pretrain(resnet18,imagenet-1k)->transfer(SDog120,0.5)->steal(mbnetv2)"
SDog120,Adversarial,DDV,train,400,"train(mbnetv2,SDog120)",0.2454004519386217,"pretrain(resnet18,imagenet-1k)->transfer(SDog120,0.5)->steal(resnet18)"
SDog120,Adversarial,DDV,train,400,"train(mbnetv2,SDog120)",0.2463097310392186,"pretrain(resnet18,imagenet-1k)->transfer(SDog120,0.5)->distill()"
SDog120,Adversarial,DDV,train,400,"train(mbnetv2,SDog120)",0.24553838605061173,"pretrain(resnet18,imagenet-1k)->transfer(SDog120,1.0)"
SDog120,Adversarial,DDV,train,400,"train(mbnetv2,SDog120)",0.24611166201066226,"pretrain(resnet18,imagenet-1k)->transfer(SDog120,1.0)->prune(0.2)"
SDog120,Adversarial,DDV,train,400,"train(mbnetv2,SDog120)",0.24603807704988867,"pretrain(resnet18,imagenet-1k)->transfer(SDog120,1.0)->prune(0.5)"
SDog120,Adversarial,DDV,train,400,"train(mbnetv2,SDog120)",0.24504622200038284,"pretrain(resnet18,imagenet-1k)->transfer(SDog120,1.0)->prune(0.8)"
SDog120,Adversarial,DDV,train,400,"train(mbnetv2,SDog120)",2.265991982072592,"pretrain(resnet18,imagenet-1k)->transfer(SDog120,1.0)->quantize(float16)"
SDog120,Adversarial,DDV,train,400,"train(mbnetv2,SDog120)",2.2726819639792666,"pretrain(resnet18,imagenet-1k)->transfer(SDog120,1.0)->quantize(qint8)"
SDog120,Adversarial,DDV,train,400,"train(mbnetv2,SDog120)",0.25858277606312186,"pretrain(resnet18,imagenet-1k)->transfer(SDog120,1.0)->steal(mbnetv2)"
SDog120,Adversarial,DDV,train,400,"train(mbnetv2,SDog120)",0.24580497399438173,"pretrain(resnet18,imagenet-1k)->transfer(SDog120,1.0)->steal(resnet18)"
SDog120,Adversarial,DDV,train,400,"train(mbnetv2,SDog120)",0.24592037498950958,"pretrain(resnet18,imagenet-1k)->transfer(SDog120,1.0)->distill()"
SDog120,Adversarial,DDV,train,400,"train(mbnetv2,SDog120)",0.2611302629811689,"train(mbnetv2,SDog120)"
SDog120,Adversarial,DDV,train,400,"train(mbnetv2,SDog120)",0.25917512201704085,"train(mbnetv2,SDog120)->prune(0.2)"
SDog120,Adversarial,DDV,train,400,"train(mbnetv2,SDog120)",0.2612607260234654,"train(mbnetv2,SDog120)->prune(0.5)"
SDog120,Adversarial,DDV,train,400,"train(mbnetv2,SDog120)",0.2591266050003469,"train(mbnetv2,SDog120)->prune(0.8)"
SDog120,Adversarial,DDV,train,400,"train(mbnetv2,SDog120)",0.26136582100298256,"train(mbnetv2,SDog120)->steal(mbnetv2)"
SDog120,Adversarial,DDV,train,400,"train(mbnetv2,SDog120)",0.24581005796790123,"train(mbnetv2,SDog120)->steal(resnet18)"
SDog120,Adversarial,DDV,train,400,"train(mbnetv2,SDog120)",0.2395330830477178,"train(mbnetv2,SDog120)->distill()"
SDog120,Adversarial,DDV,train,400,"train(mbnetv2,SDog120)",0.24554741801694036,"train(resnet18,SDog120)"
SDog120,Adversarial,DDV,train,400,"train(mbnetv2,SDog120)",0.24500955699477345,"train(resnet18,SDog120)->prune(0.2)"
SDog120,Adversarial,DDV,train,400,"train(mbnetv2,SDog120)",0.24512071604840457,"train(resnet18,SDog120)->prune(0.5)"
SDog120,Adversarial,DDV,train,400,"train(mbnetv2,SDog120)",0.24482309201266617,"train(resnet18,SDog120)->prune(0.8)"
SDog120,Adversarial,DDV,train,400,"train(mbnetv2,SDog120)",0.2607519419398159,"train(resnet18,SDog120)->steal(mbnetv2)"
SDog120,Adversarial,DDV,train,400,"train(mbnetv2,SDog120)",0.2368733009789139,"train(resnet18,SDog120)->steal(resnet18)"
SDog120,Adversarial,DDV,train,400,"train(mbnetv2,SDog120)",0.2437955590430647,"train(resnet18,SDog120)->distill()"
SDog120,Adversarial,DDV,train,400,"train(resnet18,SDog120)",0.24423336295876652,
SDog120,Adversarial,DDV,train,400,"train(resnet18,SDog120)",0.25911381107289344,"pretrain(mbnetv2,imagenet-1k)->transfer(SDog120,0.1)"
SDog120,Adversarial,DDV,train,400,"train(resnet18,SDog120)",0.2587802699999884,"pretrain(mbnetv2,imagenet-1k)->transfer(SDog120,0.1)->prune(0.2)"
SDog120,Adversarial,DDV,train,400,"train(resnet18,SDog120)",0.25913696992211044,"pretrain(mbnetv2,imagenet-1k)->transfer(SDog120,0.1)->prune(0.5)"
SDog120,Adversarial,DDV,train,400,"train(resnet18,SDog120)",0.259021503967233,"pretrain(mbnetv2,imagenet-1k)->transfer(SDog120,0.1)->prune(0.8)"
SDog120,Adversarial,DDV,train,400,"train(resnet18,SDog120)",2.216107385000214,"pretrain(mbnetv2,imagenet-1k)->transfer(SDog120,0.1)->quantize(float16)"
SDog120,Adversarial,DDV,train,400,"train(resnet18,SDog120)",2.207823824021034,"pretrain(mbnetv2,imagenet-1k)->transfer(SDog120,0.1)->quantize(qint8)"
SDog120,Adversarial,DDV,train,400,"train(resnet18,SDog120)",0.2633408529218286,"pretrain(mbnetv2,imagenet-1k)->transfer(SDog120,0.1)->steal(mbnetv2)"
SDog120,Adversarial,DDV,train,400,"train(resnet18,SDog120)",0.24374423001427203,"pretrain(mbnetv2,imagenet-1k)->transfer(SDog120,0.1)->steal(resnet18)"
SDog120,Adversarial,DDV,train,400,"train(resnet18,SDog120)",0.25852280005346984,"pretrain(mbnetv2,imagenet-1k)->transfer(SDog120,0.1)->distill()"
SDog120,Adversarial,DDV,train,400,"train(resnet18,SDog120)",0.2589004720794037,"pretrain(mbnetv2,imagenet-1k)->transfer(SDog120,0.5)"
SDog120,Adversarial,DDV,train,400,"train(resnet18,SDog120)",0.2583333511138335,"pretrain(mbnetv2,imagenet-1k)->transfer(SDog120,0.5)->prune(0.2)"
SDog120,Adversarial,DDV,train,400,"train(resnet18,SDog120)",0.25878245395142585,"pretrain(mbnetv2,imagenet-1k)->transfer(SDog120,0.5)->prune(0.5)"
SDog120,Adversarial,DDV,train,400,"train(resnet18,SDog120)",0.2585717861074954,"pretrain(mbnetv2,imagenet-1k)->transfer(SDog120,0.5)->prune(0.8)"
SDog120,Adversarial,DDV,train,400,"train(resnet18,SDog120)",2.214196944027208,"pretrain(mbnetv2,imagenet-1k)->transfer(SDog120,0.5)->quantize(float16)"
SDog120,Adversarial,DDV,train,400,"train(resnet18,SDog120)",2.2288979480508715,"pretrain(mbnetv2,imagenet-1k)->transfer(SDog120,0.5)->quantize(qint8)"
SDog120,Adversarial,DDV,train,400,"train(resnet18,SDog120)",0.259975970024243,"pretrain(mbnetv2,imagenet-1k)->transfer(SDog120,0.5)->steal(mbnetv2)"
SDog120,Adversarial,DDV,train,400,"train(resnet18,SDog120)",0.24546031490899622,"pretrain(mbnetv2,imagenet-1k)->transfer(SDog120,0.5)->steal(resnet18)"
SDog120,Adversarial,DDV,train,400,"train(resnet18,SDog120)",0.25947781500872225,"pretrain(mbnetv2,imagenet-1k)->transfer(SDog120,0.5)->distill()"
SDog120,Adversarial,DDV,train,400,"train(resnet18,SDog120)",0.2599033269798383,"pretrain(mbnetv2,imagenet-1k)->transfer(SDog120,1.0)"
SDog120,Adversarial,DDV,train,400,"train(resnet18,SDog120)",0.25985404499806464,"pretrain(mbnetv2,imagenet-1k)->transfer(SDog120,1.0)->prune(0.2)"
SDog120,Adversarial,DDV,train,400,"train(resnet18,SDog120)",0.26786539994645864,"pretrain(mbnetv2,imagenet-1k)->transfer(SDog120,1.0)->prune(0.5)"
SDog120,Adversarial,DDV,train,400,"train(resnet18,SDog120)",0.2591411580797285,"pretrain(mbnetv2,imagenet-1k)->transfer(SDog120,1.0)->prune(0.8)"
SDog120,Adversarial,DDV,train,400,"train(resnet18,SDog120)",2.217742427950725,"pretrain(mbnetv2,imagenet-1k)->transfer(SDog120,1.0)->quantize(float16)"
SDog120,Adversarial,DDV,train,400,"train(resnet18,SDog120)",2.223727455944754,"pretrain(mbnetv2,imagenet-1k)->transfer(SDog120,1.0)->quantize(qint8)"
SDog120,Adversarial,DDV,train,400,"train(resnet18,SDog120)",0.2598208689596504,"pretrain(mbnetv2,imagenet-1k)->transfer(SDog120,1.0)->steal(mbnetv2)"
SDog120,Adversarial,DDV,train,400,"train(resnet18,SDog120)",0.24478794704191387,"pretrain(mbnetv2,imagenet-1k)->transfer(SDog120,1.0)->steal(resnet18)"
SDog120,Adversarial,DDV,train,400,"train(resnet18,SDog120)",0.2595538590103388,"pretrain(mbnetv2,imagenet-1k)->transfer(SDog120,1.0)->distill()"
SDog120,Adversarial,DDV,train,400,"train(resnet18,SDog120)",0.24498535098973662,"pretrain(resnet18,imagenet-1k)->transfer(SDog120,0.1)"
SDog120,Adversarial,DDV,train,400,"train(resnet18,SDog120)",0.24480233807116747,"pretrain(resnet18,imagenet-1k)->transfer(SDog120,0.1)->prune(0.2)"
SDog120,Adversarial,DDV,train,400,"train(resnet18,SDog120)",0.24547213898040354,"pretrain(resnet18,imagenet-1k)->transfer(SDog120,0.1)->prune(0.5)"
SDog120,Adversarial,DDV,train,400,"train(resnet18,SDog120)",0.24541139195207506,"pretrain(resnet18,imagenet-1k)->transfer(SDog120,0.1)->prune(0.8)"
SDog120,Adversarial,DDV,train,400,"train(resnet18,SDog120)",2.245667014969513,"pretrain(resnet18,imagenet-1k)->transfer(SDog120,0.1)->quantize(float16)"
SDog120,Adversarial,DDV,train,400,"train(resnet18,SDog120)",2.2404065469745547,"pretrain(resnet18,imagenet-1k)->transfer(SDog120,0.1)->quantize(qint8)"
SDog120,Adversarial,DDV,train,400,"train(resnet18,SDog120)",0.2596968669677153,"pretrain(resnet18,imagenet-1k)->transfer(SDog120,0.1)->steal(mbnetv2)"
SDog120,Adversarial,DDV,train,400,"train(resnet18,SDog120)",0.24506282596848905,"pretrain(resnet18,imagenet-1k)->transfer(SDog120,0.1)->steal(resnet18)"
SDog120,Adversarial,DDV,train,400,"train(resnet18,SDog120)",0.24488504405599087,"pretrain(resnet18,imagenet-1k)->transfer(SDog120,0.1)->distill()"
SDog120,Adversarial,DDV,train,400,"train(resnet18,SDog120)",0.24509909702464938,"pretrain(resnet18,imagenet-1k)->transfer(SDog120,0.5)"
SDog120,Adversarial,DDV,train,400,"train(resnet18,SDog120)",0.24488945002667606,"pretrain(resnet18,imagenet-1k)->transfer(SDog120,0.5)->prune(0.2)"
SDog120,Adversarial,DDV,train,400,"train(resnet18,SDog120)",0.2451191230211407,"pretrain(resnet18,imagenet-1k)->transfer(SDog120,0.5)->prune(0.5)"
SDog120,Adversarial,DDV,train,400,"train(resnet18,SDog120)",0.24385353294201195,"pretrain(resnet18,imagenet-1k)->transfer(SDog120,0.5)->prune(0.8)"
SDog120,Adversarial,DDV,train,400,"train(resnet18,SDog120)",2.247690338990651,"pretrain(resnet18,imagenet-1k)->transfer(SDog120,0.5)->quantize(float16)"
SDog120,Adversarial,DDV,train,400,"train(resnet18,SDog120)",2.2467777139972895,"pretrain(resnet18,imagenet-1k)->transfer(SDog120,0.5)->quantize(qint8)"
SDog120,Adversarial,DDV,train,400,"train(resnet18,SDog120)",0.25917208299506456,"pretrain(resnet18,imagenet-1k)->transfer(SDog120,0.5)->steal(mbnetv2)"
SDog120,Adversarial,DDV,train,400,"train(resnet18,SDog120)",0.24400095106102526,"pretrain(resnet18,imagenet-1k)->transfer(SDog120,0.5)->steal(resnet18)"
SDog120,Adversarial,DDV,train,400,"train(resnet18,SDog120)",0.2441874110372737,"pretrain(resnet18,imagenet-1k)->transfer(SDog120,0.5)->distill()"
SDog120,Adversarial,DDV,train,400,"train(resnet18,SDog120)",0.24410537595395,"pretrain(resnet18,imagenet-1k)->transfer(SDog120,1.0)"
SDog120,Adversarial,DDV,train,400,"train(resnet18,SDog120)",0.24431574007030576,"pretrain(resnet18,imagenet-1k)->transfer(SDog120,1.0)->prune(0.2)"
SDog120,Adversarial,DDV,train,400,"train(resnet18,SDog120)",0.24468846898525953,"pretrain(resnet18,imagenet-1k)->transfer(SDog120,1.0)->prune(0.5)"
SDog120,Adversarial,DDV,train,400,"train(resnet18,SDog120)",0.24333747290074825,"pretrain(resnet18,imagenet-1k)->transfer(SDog120,1.0)->prune(0.8)"
SDog120,Adversarial,DDV,train,400,"train(resnet18,SDog120)",2.2436372509691864,"pretrain(resnet18,imagenet-1k)->transfer(SDog120,1.0)->quantize(float16)"
SDog120,Adversarial,DDV,train,400,"train(resnet18,SDog120)",2.2574303169967607,"pretrain(resnet18,imagenet-1k)->transfer(SDog120,1.0)->quantize(qint8)"
SDog120,Adversarial,DDV,train,400,"train(resnet18,SDog120)",0.25898526003584266,"pretrain(resnet18,imagenet-1k)->transfer(SDog120,1.0)->steal(mbnetv2)"
SDog120,Adversarial,DDV,train,400,"train(resnet18,SDog120)",0.24417971400544047,"pretrain(resnet18,imagenet-1k)->transfer(SDog120,1.0)->steal(resnet18)"
SDog120,Adversarial,DDV,train,400,"train(resnet18,SDog120)",0.24420647497754544,"pretrain(resnet18,imagenet-1k)->transfer(SDog120,1.0)->distill()"
SDog120,Adversarial,DDV,train,400,"train(resnet18,SDog120)",0.25937555998098105,"train(mbnetv2,SDog120)"
SDog120,Adversarial,DDV,train,400,"train(resnet18,SDog120)",0.2590827429667115,"train(mbnetv2,SDog120)->prune(0.2)"
SDog120,Adversarial,DDV,train,400,"train(resnet18,SDog120)",0.2592945349169895,"train(mbnetv2,SDog120)->prune(0.5)"
SDog120,Adversarial,DDV,train,400,"train(resnet18,SDog120)",0.2592496029101312,"train(mbnetv2,SDog120)->prune(0.8)"
SDog120,Adversarial,DDV,train,400,"train(resnet18,SDog120)",0.25875927798915654,"train(mbnetv2,SDog120)->steal(mbnetv2)"
SDog120,Adversarial,DDV,train,400,"train(resnet18,SDog120)",0.24387242598459125,"train(mbnetv2,SDog120)->steal(resnet18)"
SDog120,Adversarial,DDV,train,400,"train(resnet18,SDog120)",0.2586131440475583,"train(mbnetv2,SDog120)->distill()"
SDog120,Adversarial,DDV,train,400,"train(resnet18,SDog120)",0.24385142896790057,"train(resnet18,SDog120)"
SDog120,Adversarial,DDV,train,400,"train(resnet18,SDog120)",0.24368639895692468,"train(resnet18,SDog120)->prune(0.2)"
SDog120,Adversarial,DDV,train,400,"train(resnet18,SDog120)",0.24458785692695528,"train(resnet18,SDog120)->prune(0.5)"
SDog120,Adversarial,DDV,train,400,"train(resnet18,SDog120)",0.24376409803517163,"train(resnet18,SDog120)->prune(0.8)"
SDog120,Adversarial,DDV,train,400,"train(resnet18,SDog120)",0.2585934690432623,"train(resnet18,SDog120)->steal(mbnetv2)"
SDog120,Adversarial,DDV,train,400,"train(resnet18,SDog120)",0.2442063830094412,"train(resnet18,SDog120)->steal(resnet18)"
SDog120,Adversarial,DDV,train,400,"train(resnet18,SDog120)",0.24409428192302585,"train(resnet18,SDog120)->distill()"
